,企業名,キャッチコピー,ステータス,初年度年収
0,神明株式会社 | #残業月平均20h以下 #賞与年2回 #土日休 #資格取得支援制度有り,新築・リフォーム施工の【営業積算】建設・不動産業界経験者歓迎 正社員,正社員,400万円～560万円
1,株式会社貴順 | ★未経験歓迎★週・日払いも可★男女活躍中★契約祝金3万円あり,【軽ドライバー】都会で稼ぐ！年収1000万円可能★支度金＆寮制度 業務委託,業務委託,100万円～1000万円
2,株式会社AZism | 【横浜家系ラーメン 大和家／田田】業績好調★転居伴う転勤無し,【店舗スタッフ】月給26万円以上◆引越手当あり！上京希望者も◎ 正社員,正社員,320万円～420万円
3,株式会社コプロ・エンジニアード | 東証・名証一部上場コプロホールディングスのグループ,年収1000万円も叶う働き方を【建築・土木施工管理】★経験者採用 正社員,正社員,520万円～940万円
4,株式会社ビッグモーター | 年収800万円も可能★月8～10日休み★面接1回★住宅手当など充実,【クルマの修復スタッフ(鈑金・塗装)】☆未経験・無資格歓迎！ 正社員,正社員,300万円～1000万円
5,UTエイム株式会社 | 大阪府緊急雇用対策に賛同【東証一部上場グループ】,【製造スタッフ】未経験から高収入！★月収最大42万円も可能 正社員,正社員,300万円～500万円
6,大同生命保険株式会社 | ★業界経験一切不問 ★有給取得実績多数 ★転勤なし ★土日休み,基本17時退社★平均月給42.9万円【法人営業】※社会人経験者限定 正社員,正社員,
7,株式会社ガリレオコーポレーション | ☆★完全週休2日制&年間休日117日で、プライベートも充実★☆,"シッカリ稼ごう！年収1,000万円もめざせる【営業】※年齢不問 正社員",正社員,500万円～2000万円
8,"フジイハウス産業株式会社 | 【""三菱地所""や""住友不動産""と取引】大阪府緊急雇用対策に賛同",★高収入が目指せる★【設備管理】残業20h以内／月給25万円以上 正社員,正社員,300万円～700万円
9,ソフトバンク営業職合同募集 | 【条件満たす方全員、電話面談確約】★大阪府緊急雇用対策に賛同,35歳以下★ソフトバンクの【法人営業】学歴不問★未経験OK 正社員,正社員,
10,株式会社サーバントップ | ★直行直帰OK★インセン賞与年2回｜大阪府緊急雇用対策に賛同,既存顧客への【営業】※未経験でも成約率80％＋月給35万円保証 正社員,正社員,500万円～950万円
11,UTエイム株式会社 | 大阪府緊急雇用対策に賛同【東証一部上場グループ】★WEB面接OK,【資材管理スタッフ】★月収42万円も可能＆そこそこ休める環境！ 正社員,正社員,300万円～500万円
12,UTエイム株式会社 | 【超スピード選考】最短当日面談＆当日採用(規定有)！,【サポートスタッフ(データ管理・部品手配等)】★未経験歓迎 正社員,正社員,300万円～500万円
13,リベル株式会社 | ★急成長中の不動産ベンチャー ★面接1回 ★高率インセンティブ,【不動産営業】★未経験歓迎 ★残業少なめ ★20代中心に活躍中 正社員,正社員,300万円～1000万円
14,株式会社九州エネコ | 《年収例／3年目 880万円／3年目 738万円／6年目 1421万円》,★年休120日以上/完休2日制/転勤なし/社員寮あり★【企画営業】 正社員,正社員,400万円～750万円
15,株式会社グランド1コーポレーション | 入社1年目で年収700万円可／残業ほぼなし／月給25万円～,20代で営業部を引っ張るリーダー職へ！【営業】年収1000万円可能 正社員,正社員,500万円～800万円
16,株式会社ハマエンジニアリング | 【TV＆WEBCM絶賛放映中】賞与年3回★20代で年収450万円超えも可,＼大分・長崎限定採用／ 【半導体メンテスタッフ】※交代勤務 正社員,正社員,280万円～400万円
17,UTエイム株式会社 | 【東証一部上場グループ】フリーターもOK！大切なのはこれから♪,月収42万円以上可能！【清掃・洗浄スタッフ】学歴一切不問☆ 正社員,正社員,300万円～500万円
18,株式会社センス | ★広島・福岡支店の採用強化！地元でしっかり稼ぎたい方を歓迎★,【営業系総合職】◎3年連続全国No.1の実績◎週休3日もOK◎ 正社員,正社員,350万円～800万円
19,株式会社アール・エム | 大阪府緊急雇用対策に賛同｜完全週休2日制・年間休日120日以上,【提案営業】あこがれのWEB業界でクリエイティブな提案を！ 正社員,正社員,400万円～700万円
20,株式会社サンテック | 【圧倒的安定感】業界大手×インフラ事業／コロナ禍でも業績好調,割り振られた案件をこなして月収50万円超【家電修理スタッフ】 業務委託,業務委託,
21,株式会社ソヴリックコーポレーション | 【大阪府緊急雇用対策に賛同】＃未経験＃高収入＃有給取得100％,未経験からはじめる【不動産営業】月給30万円以上・年休120日 正社員,正社員,550万円～1500万円
22,日研トータルソーシング株式会社 | 【大阪府緊急雇用対策に賛同】◆年休最大160日◆残業ほぼなし,好きな街で働ける！【軽作業スタッフ】賞与2回※地域限定正社員 正社員,正社員,
23,株式会社エー・エス・エル | 《東証一部上場企業グループ》コロナ禍でも過去最高益レベル！,【ITエンジニア(開発/インフラ) 】★年休123日＆残業月15h程度★ 正社員,正社員,400万円～800万円
24,株式会社ビッグモーター | 【業界No.1企業】転勤なし★地元勤務できる正社員★未経験歓迎！,【カーライフアドバイザー】平均月収67.6万円！※40歳以下募集 正社員,正社員,330万円～1500万円
25,株式会社ポケットモバイル | オンオフつけた最高の働き方OK★平均年齢27歳★同期も多数活躍中,「基本残業なし」でスマートに働く！【提案営業】★未経験歓迎 正社員,正社員,350万円～500万円
26,クルーガーグループ株式会社 | 業績好調！全国で複数名の積極採用／面接1回／福利厚生◎,1ヶ月半研修で未経験も安心♪【ルート営業】☆20～40代活躍中！ 正社員,正社員,450万円～850万円
27,株式会社アミ―クス | 『トータルリペア』オーナー募集,リペア職人として1人で独立！トータルリペアの【FCオーナー】 FCオーナー,FCオーナー,
28,株式会社ビッグモーター | 業界No.1の実績＆安定性／転勤なし・好きな街で活躍／面接1回,未経験デビューOK【事務】★月給23.98万円～／残業なし／土日休 正社員,正社員,300万円～550万円
29,株式会社ビッグモーター | 億単位の設備とクリーンな環境◆月8日以上休み／賞与年2回,未経験歓迎☆年収800万円以上も可能！【自動車整備士】*年齢不問 正社員,正社員,300万円～1000万円
30,株式会社ビッグモーター | ＼業界No.1 ◆ 店舗別採用 ◆ 85％が年収650万円以上／,業界最大手で働く【営業職】※経験／学歴／年齢不問 正社員,正社員,330万円～1500万円
31,日研トータルソーシング株式会社 | 大阪府緊急雇用対策に賛同　★応募から1～2週間でスピード内定可,年休最大160日☆ものづくり【サポートスタッフ】地域限定正社員 正社員,正社員,
32,株式会社ビッグモーター | ◆年収例500万円（26歳：未経験入社3年目）◆マイカー通勤可能,未経験歓迎★1～2時間の短距離★普通免許でOK【配送ドライバー】 正社員,正社員,300万円～700万円
33,UTコンストラクション株式会社 | 東証一部上場グループ★大手グループの安定基盤★土日祝休み,☆未経験歓迎☆【総合職(管理・資料作成等)】★スピード入社可能 正社員,正社員,350万円～650万円
34,株式会社ロジカル | コロナ禍・景気にも左右されない安定企業◆面接1回で内定,【ルート営業】前職から10万円以上、給与がUPしたスタッフも！ 正社員,正社員,350万円～400万円
35,UTエイム株式会社 | 【東証一部上場グループ】★普段着での面談でOK,無理のない環境で働く！【ピッキング・仕分け】★土日休みも可能 正社員,正社員,300万円～500万円
36,株式会社アイダ設計 | テレビCMでお馴染みの企業！成長が止まらないハウスメーカー！,100％反響型の【戸建住宅のアドバイザー】★女性も活躍中♪ 正社員,正社員,
37,UTコンストラクション株式会社 | 東証一部上場グループ★大手グループの安定基盤★土日祝休み,360度カメラを扱う【IT事務スタッフ】先輩全員未経験出身♪ 正社員,正社員,350万円～650万円
38,日研トータルソーシング株式会社 | 【大阪府緊急雇用対策に賛同】★オンライン説明会開催中！,AI・自動化で話題の業界！【ロボットメンテナンス】◆未経験歓迎 正社員,正社員,
39,ライクスタッフィング株式会社 | [大阪府緊急雇用対策に賛同]★東証一部上場グループ★WEB面接1回,【進行管理スタッフ】★年休120日★残業月20h以内★未経験歓迎！ 正社員,正社員,350万円～1000万円
40,UTエイム株式会社 | 【東証一部上場グループ】★WEB面接OK／スピード入社も可能,通勤ストレスから解放♪【製造管理事務スタッフ】★未経験歓迎 正社員,正社員,300万円～500万円
41,UTエイム株式会社 | 【東証一部上場グループ】★社宅費全額補助エリア多数あり！,月収42万以上も可能【機械整備スタッフ】未経験も安心スタート♪ 正社員,正社員,300万円～500万円
42,JTA株式会社 | 【20代で年収1000万円超えの社員続出中！】◆土日休み◆転勤なし,本気で年収1000万円を目指す方へ【営業】高率インセン＋随時昇給 正社員,正社員,500万円～1000万円
43,UTエイム株式会社 | 【東証一部上場グループ】オンライン面接でスムーズな転職も可能,【生産管理スタッフ】完全週休二日制！★月収42万円以上も可能 正社員,正社員,300万円～500万円
44,株式会社ビッグモーター | 【業界No.1】平均年収861万円◆表彰式あり◆未経験歓迎◆面接1回,未経験から5年で年収2282万円の実績あり【車の営業】 ※高卒以上 正社員,正社員,330万円～1500万円
45,株式会社ネオ・コーポレーション | 業績好調！21年連続増収増益／今年6月に、大阪本社が拡大移転！,【電子ブレーカーの提案営業】※営業の65％が年収1000万円超！ 正社員,正社員,500万円～1500万円
46,UTエイム株式会社 | 大阪府緊急雇用対策に賛同【東証1部上場グループの安定基盤】,通勤しやすい職場で働く♪【倉庫内作業スタッフ】※土日休み可能 正社員,正社員,300万円～500万円
47,株式会社ビッグモーター | 業界No.1企業の安定性／面接1回／転勤なし／連休OK！,【登録事務スタッフ】☆未経験歓迎☆基本定時退社☆土日休み 正社員,正社員,300万円～550万円
48,株式会社三鋭システム | 特許技術の独自システムが強力アシスト★最大20万円赴任補助！,【IT人材コーディネーター】★未経験OK ★残業ほぼナシ＆土日休 正社員,正社員,300万円～550万円
49,株式会社オープンハウス | 東証一部上場◆20代の管理職率76％◆年4回昇給&昇格のチャンス有,【総合職】人事/営業推進/提案営業/マーケティング◆未経験歓迎 正社員,正社員,390万円～1000万円
50,株式会社ビッグモーター | ＼平均年収860万円 ◆ 年収2000万円超の実績あり／,業界No.1企業で活躍！【販売・買取スタッフ】★社会人経験者募集 正社員,正社員,330万円～1500万円
51,日研トータルソーシング株式会社 | 【大阪府緊急雇用対策に賛同】◆年休最大160日◆地域限定正社員,ものづくりの【アシスタントスタッフ(メンテナンス補助等)】 正社員,正社員,
52,"サングローブ株式会社 | ★創業7期目で15,000社と直取引★年休130日/土日祝休み/残業ゼロ",外暑くない?Tシャツ＆スニーカーで年収1000万円可【内勤営業】 正社員,正社員,350万円～1000万円
53,リベラルソリューション株式会社 | 中四国支社｜様々な再生可能エネルギー事業を展開★完週休2日制,＜岡山募集＞未経験から活躍できる【営業職】★平均月収40万円★ 正社員,正社員,300万円～600万円
54,リベラルソリューション株式会社 | 京都支社｜★社会貢献性大！様々な再生可能エネルギー事業を展開,★未経験・入社1年目の平均月収40万円★【営業職】※京都募集 正社員,正社員,300万円～600万円
55,株式会社クラシアン | 未経験歓迎★日本全国に展開中！好きな街で働ける,安心して働ける&しっかり稼げる【サービススタッフ】★月9日休み 正社員,正社員,400万円～600万円
56,株式会社クラシアン | 景気に左右されない安定企業★毎年依頼件数が増加中！,年収800万円を目指せる【営業】★残業代100%＆歩合給＆手当あり 正社員,正社員,400万円～600万円
57,UTエイム株式会社 | 【東証一部上場グループ】★土日休み可能！年間休日127～190日,ものづくり工場で指導を行う【教育トレーナー】※完全週休二日制 正社員,正社員,300万円～500万円
58,ソフトバンク営業職合同募集 | 【条件満たす方全員、電話面談確約】★大阪府緊急雇用対策に賛同,ソフトバンクの【法人営業】未経験OK★高卒以上★35歳以下 正社員,正社員,
59,株式会社ワールドコーポレーション,【管理業務スタッフ】※首都圏限定※未経験歓迎 正社員,正社員,350万円～500万円
60,UTエイム株式会社 | 【東証一部上場グループ】★WEB面接OK／今月入社も可能,未経験・第二新卒OK【総合職(組立・検品等)】★月収42万円以上可 正社員,正社員,300万円～500万円
61,株式会社TCG | 【前職給与保証！働く時間は12～18時の6時間！】,【営業】平均年収834万円/月収30万円+歩合/土日休み選択可 正社員,正社員,400万円～1500万円
62,ソフトバンク営業職合同募集 | 【条件満たす方全員、電話面談確約】★大阪府緊急雇用対策に賛同,ソフトバンクの【ソリューション営業】高卒以上/社会人経験必須 正社員,正社員,
63,株式会社ワールドコーポレーション | 大阪府緊急雇用対策に賛同,同期入社多数！【資材管理】★研修充実！※全国募集※未経験歓迎 正社員,正社員,350万円～500万円
64,日本eリモデル株式会社 | 勤続1年以上の平均月収60万円【大阪府緊急雇用対策に賛同】,景気に左右されず好調！【企画営業】就職祝金15万円★転勤なし★ 正社員,正社員,300万円～700万円
65,東建コーポレーション株式会社 | ◎WEB面接実施中　◎全国採用実施中（自宅近くの拠点を考慮）,【営業系総合職】年齢不問／全国／建築・不動産業界の経験者 正社員,正社員,400万円～800万円
66,東建コーポレーション株式会社 | ＼若手限定求人／ 20代で年収100万円以上UPの先輩多数！,今から変われる【 営業 】※全国募集／30歳まで／WEB面接実施 正社員,正社員,400万円～800万円
67,UTエイム株式会社 | 【東証一部上場グループ】安定性抜群★WEB面接OK,月収42万円以上も可能！【工場ラインスタッフ】★未経験歓迎 正社員,正社員,300万円～500万円
68,東建コーポレーション株式会社 | ◎WEB面接実施中　◎全国採用実施中（自宅近くの拠点を考慮）,社会人経験があればOK！【営業系総合職】※年齢不問／全国募集 正社員,正社員,400万円～800万円
69,東建コーポレーション株式会社 | WEB面接実施！『 年齢に関係なく、まだまだやれる会社です！』,中途の40～50代活躍中！【営業】※全国募集/未経験歓迎/年齢不問 正社員,正社員,400万円～800万円
70,UTコンストラクション株式会社 | <東証一部上場グループ>家電家具付き社宅＋6割補助＋引越費支給,【点検・保守】未経験歓迎☆日勤/基本土日休み/平均月収29万円 正社員,正社員,300万円～650万円
71,春電株式会社 | 選べる完全週休2日｜年収700万円以上も目指せる｜出張・夜間なし,前職給与保証！【電気施工管理】※年齢不問／土日祝休みも選択可 正社員,正社員,400万円～700万円
72,株式会社そら | 【Dr.ストレッチを全国展開】目標や夢に向けて頑張る仲間が集結,【ストレッチトレーナー】仕事が”大好き”になる待遇＆働き方♪ 正社員,正社員,300万円～550万円
73,JCSロジスコ株式会社 | ◆電話・Web面接も可能／翌日振込・前払いもOK／勤務地自由！◆,【宅配ドライバー】平均日当3万円/すぐ就業可 ※正社員登用あり 業務委託,業務委託,300万円～1000万円
74,DSP株式会社 | <大阪府緊急雇用対策に賛同>【完全週休2日】【産休育休実績有】,未経験OK！集客を支援する【法人営業】★土日祝休★残業ほぼなし 正社員,正社員,300万円～400万円
75,株式会社修優舘 | 基本残業ゼロ｜賞与年3回+業績給｜オープニング募集もあり,2人に1人が年収700万円超【講師・教室長候補】完全週休2日制あり 正社員,正社員,360万円～700万円
76,株式会社リンクスタッフグループ | ＜コロナ禍でも前年比成長率150%見込み！＞★実力を試せる！,未経験歓迎【人材系営業&コーディネーター】★結果が賞与に反映 正社員,正社員,
77,株式会社誠進堂 | 売上は昨年対比170％UP／平均月収50万円＆平均年収700万円！,頑張りがきちんと報われる！【現場監督】※残業月平均18時間程度 正社員,正社員,400万円～1000万円
78,大東建託株式会社 | 【東証一部上場】◆全国募集◆残業代1分単位支給◆Web説明会実施,【営業】20万の入社支度金◆平均年収850万◆経験者募集 正社員,正社員,400万円～1000万円
79,株式会社ミュゼプラチナム | ★週休3日もOK★コスメ社割／全身美容脱毛0円★WEB面接1回,【受付カウンセラー】未経験歓迎★34歳までの方限定★賞与年4回 正社員,正社員,350万円～450万円
80,エムケイ株式会社 | 【大阪府緊急雇用対策に賛同】★社員寮完備★昼勤or夜勤を選択可,【観光コンシェルジュ(ドライバー)】※直近の平均月収27～45万円 正社員,正社員,400万円～700万円
81,株式会社栄商 | 【U・Iターン歓迎】引越し費用会社負担 & 住宅費用補助あり,<稼げる> 経験者募集【施工管理(土木/建築/造園/管/電気)】 正社員,正社員,400万円～800万円
82,株式会社ONE | #ボーナス年間250万円の実績あり,契約の登録一切なし!集客イベントの【企画運営】※未経験歓迎 正社員,正社員,280万円～400万円
83,有限会社高美電気工事 | #大阪府緊急雇用対策に賛同 #整った労務環境 #平均月収40万円～,住友電設、きんでんと直取引！【電気工事士】※未経験歓迎 正社員,正社員,400万円～500万円
84,株式会社テラスカイ・テクノロジーズ | ★東証一部上場「テラスカイ」グループが立ち上げた新会社,希少価値が高い人材になる【Salesforceエンジニア】月給37.5万円 正社員,正社員,441万円～450万円
85,株式会社ジーアフター | 輸入車・国産車の買取、販売◇売上前年比130%成長で不況知らず！,車販売の【営業・店舗運営】未経験者も月給30万以上でスタート！ 正社員,正社員,400万円～650万円
86,株式会社アクトプロブレインズ | 過去全員が前職給与UP*リモート＆フレックス推奨*残業月平均10h,《前給保証！年収200万円UP実績あり》【ITエンジニア】 正社員,正社員,
87,倉一建基株式会社 | 中電工と安定取引/『地球』を相手にする技術力で圧倒的なシェア,【施工スタッフ】未経験＆U・Iターン歓迎！ ※20～40代が活躍中 正社員,正社員,350万円～500万円
88,株式会社建築資料研究社 | 資格系スクール「日建学院」を運営【大阪府緊急雇用対策に賛同】,★全国募集★【ライセンスアドバイザー】＊中途社員平均年齢28歳 正社員,正社員,350万円～550万円
89,株式会社YKH | 「Challenge Change Revolution」が合言葉◆入社祝い金100万円有,新事業の立ち上げメンバー！【リフォーム営業】★月給30万円～ 正社員,正社員,500万円～800万円
90,インターギアソリューション株式会社 | 【業界トップクラスの売上規模/メンバー数】★応募の秘密は厳守,【代理店開拓専門アポインター営業】★平均月収60万円以上★ 業務委託,業務委託,500万円～1100万円
91,インターギアソリューション株式会社 | 電話が好きであれば採用。（１日150コールと勉強の日々です。）,【求人広告電話営業】★未経験OK　平均月収40万　※前年保証有 業務委託,業務委託,400万円～1100万円
92,株式会社テクノプロ・コンストラクション | 東証一部上場グループ｜残業少なめ｜大阪府緊急雇用対策に賛同,関西エリア限定募集★ 【プロジェクト管理】年休118日/土日祝休 正社員,正社員,500万円～1106万円
93,株式会社ジーアフター | 【大型店新規オープン】＊千葉県トップクラスの中古車販売店,車を美しく仕上げる【商品化スタッフ(コーティング等)】未経験OK 正社員,正社員,400万円～500万円
94,ミタカ不動産株式会社 | ― 転職サイト初掲載 ― 固定給＋最大利益の35%を歩合として支給,【 不動産営業 】反響型★前職よりも高収入を目指せる！ 正社員,正社員,
95,HITOWAライフパートナー株式会社 | 全国募集★自宅開業OK★転勤なし◎未経験歓迎！学歴・スキル不問,面談確約【エアコンクリーニング】研修制度◎高収入を目指せる！ FCオーナー,FCオーナー,
96,株式会社アーキ・ジャパン | 平均月収53万円(施工管理・技術職)【大阪府緊急雇用対策に賛同】,《希望の勤務地》《高収入》《望む働き方》を実現！【施工管理】 正社員,正社員,600万円～1000万円
97,株式会社フジナガ | 【創業40周年】全国展開する鳥害対策業界のトップクラスメーカー,鳥害対策の【ルート営業】本物のありがとうと感動を★未経験歓迎 正社員,正社員,350万円～550万円
98,株式会社大成社 | 年収平均80万UP／Java 3年経験者：月給例48.75万／年収例585万,案件単価の75%を給与に還元【ITエンジニア（開発・インフラ）】 正社員,正社員,430万円～1100万円
99,株式会社エコスマート | 創業以来10期連続増収増益◆社員定着率92.3％◆年3回長期休み有,【営業系総合職】★未経験入社7割★年4回インセンあり★残業月7H 正社員,正社員,350万円～600万円
100,株式会社D・R・M | ★年休120日以上 ★土日祝休み ★女性ものびのび活躍中の職場♪,業界知識を活かして稼げる！【不動産営業】★産育休実績あり！ 正社員,正社員,400万円～1000万円
101,クリーンデバイス・テクノロジー株式会社,カーエアコンクリーニング「空気の洗車屋さん」【FCオーナー】 FCオーナー,FCオーナー,
102,株式会社ホットスタッフ博多 | 北九州、行橋、小倉、飯塚、新宮、久留米に拠点を展開！,人材派遣会社の【 営業職 】★経験ゼロでOK！まずはご応募下さい 正社員,正社員,450万円～550万円
103,株式会社トップガイ | 《業績拡大中》★新店続々OPEN ★週休2日制 ★20代～30代活躍中,ブランド品・貴金属の査定・買取を行う【反響営業】★定時退社 正社員,正社員,300万円～360万円
104,第一生命保険株式会社 | ◆「プラチナくるみん」認定企業 ◆WEB面談対応OK！ ◆賞与年2回,【営業職】★女性活躍中/未経験OK/月給30万円～！ 正社員,正社員,
105,株式会社あおぞら不動産管理 | 年収1000万円以上も可能！土日祝休み！年休126日！業績好調！,【不動産コンサルティング営業】★成約率80％★経歴よりも人柄！ 正社員,正社員,500万円～1000万円
106,イッセイコンサルタント株式会社 | 国土交通省のパートナー企業◆平均年収600～700万／完全週休2日,未経験OK★内勤で建設に携われる?!【 発注者支援業務スタッフ 】 正社員,正社員,350万円～850万円
107,アウトソーシンググループ合同募集 | ★東証一部上場グループ／昇給＆業績賞与や各種手当も充実！,好き・得意を活かす【製造スタッフ】／株式会社アウトソーシング 正社員,正社員,300万円～550万円
108,株式会社アットファイブ | 【事業拡大成長企業/残業10h以内/月給30万円以上/在宅勤務も】,【開発エンジニア】次世代リーダー候補採用！前給保障★ 正社員,正社員,360万円～420万円
109,株式会社テクトン | 「未経験で心配・・・」そんなあなたを応援する会社,★接客・販売職からの未経験入社多数★Excel研修あり【事務職】 正社員,正社員,260万円～460万円
110,アップライブステージ株式会社 | テレワークの普及に伴い売上も2倍◎実績給で最高70万円支給有,【ライブ配信コーディネーター】★タレント発掘＆育成★高卒以上 正社員,正社員,300万円～600万円
111,新日本ハウス株式会社 | 好調のリフォーム業界／吉幾三さんのCMで有名の好感度抜群企業,【リフォーム営業】50代未経験者も活躍中！遅くとも19時退社◎ 正社員,正社員,400万円～800万円
112,住友不動産株式会社 | 【東証一部上場】★全領域で業界トップクラス！平均年収710万円,総合デベロッパー！住友不動産の【建築スペシャリスト】 正社員,正社員,400万円～1000万円
113,"住友不動産株式会社 | 【東証一部上場】★転勤なし★5人に1人が年収1,000 万円の実績！",研修・商品力を強みに平均年収760万！【注文住宅営業】 正社員,正社員,400万円～1000万円
114,株式会社ミックウェア | ★ホンダやトヨタのパートナーとして最先端技術を駆使！,働き方が選べる【ITエンジニア】大量採用!中途入社が多数活躍中! 正社員,正社員,400万円～1000万円
115,アウトソーシンググループ合同募集 | ★東証一部上場グループ／昇給＆業績賞与や各種手当も充実！,日本のモノづくりを支えよう！【製造スタッフ】／株式会社PEO 正社員,正社員,300万円～550万円
116,株式会社コシダカ | 【上場グループ企業】土日休みOK★月収29.4万円も目指せる！,社員評価90点越えの働きやすさ！【店舗マネージャー】★高卒以上 正社員,正社員,300万円～850万円
117,UTエイム株式会社 | 大阪府緊急雇用対策に賛同【東証一部上場グループ】,貯金UPを目指せる！【機械操作スタッフ】★月収42万円以上可能 正社員,正社員,300万円～500万円
118,株式会社PGSホーム | 大阪府緊急雇用対策に賛同|月給40万円～!ワークライフバランス◎,転勤＆残業なし！【アポインター営業】リサーチャー(市場調査) 正社員,正社員,400万円～1000万円
119,UTエイム株式会社 | 東証一部上場グループ／全国各地好きな街で働く！,月収42万円以上可能！ものづくりの【アシスタントスタッフ】 正社員,正社員,300万円～500万円
120,UTエイム株式会社 | UTグループ株式会社(東証1部上場)のグループ企業★年休最大190日,未経験歓迎！【品質管理スタッフ】★月収UPも目指せる！ 正社員,正社員,300万円～500万円
121,UTエイム株式会社 | 【東証1部上場グループの安定基盤】条件重視の方はぜひ！,月収42万円以上も可能【検品検査スタッフ】未経験歓迎！転勤なし 正社員,正社員,300万円～500万円
122,住友不動産販売株式会社 | 【東証一部上場 住友不動産グループ】#平均年収880万円,売主と買主の架け橋として活躍【不動産コンサルタント】経験不問 正社員,正社員,350万円～450万円
123,株式会社PGSホーム | 【大阪府緊急雇用対策に賛同】未経験から最短距離で高収入を実現,転勤、残業、休日出勤なし！月給40万円スタート【営業総合職】 正社員,正社員,400万円～1000万円
124,株式会社ライジングサンセキュリティーサービス | 【★未経験歓迎★入社祝金3万円あり】★面接1回,★埼玉募集★大型商業施設の【警備スタッフ】※応募者全員面接 正社員,正社員,300万円～450万円
125,株式会社ライジングサンセキュリティーサービス | ☆★新規事業拡大につき50名大募集★☆出張面接も行っています！,福島支社募集【警備】★月給32万~最大42万円！★書類選考なし！ 正社員,正社員,300万円～600万円
126,株式会社PGSホーム | 【大阪府緊急雇用対策に賛同】40代からの未経験スタート多数！,【リフォーム訪問販売営業】★入社祝金最大138万！転勤なし 正社員,正社員,400万円～1000万円
127,UTエイム株式会社 | 大阪府緊急雇用対策に賛同【東証一部上場グループ】★安定基盤,シンプルワーク中心【軽作業スタッフ(梱包・検品等)】未経験OK！ 正社員,正社員,300万円～500万円
128,株式会社コシダカ | 【上場グループ企業】スピード昇格可★土日休みOK★年2回5連休,月30万を目指せる【カラオケ店員(店長候補)】*39歳以下/学歴不問 正社員,正社員,300万円～850万円
129,株式会社トラストマネジメントジャパン | 都心の投資用中古不動産のみ販売/5年で年収1千万可/年休130日,業界では常識外れの「紹介が９割」の【営業】休日も充実の働き方 正社員,正社員,400万円～600万円
130,株式会社コシダカ | ★月収例29万4000円！★年休110日以上★東証一部上場グループ,カラオケ好き集合♪【カラオケ店舗社員】※職歴/学歴/年齢不問 正社員,正社員,300万円～850万円
131,株式会社アサンテ | <東証一部上場>★創業50年&国内売上No.1の安定基盤★未経験OK,年齢&志望動機不問！【営業】★手取月50万～も可能★賞与4ヵ月分 正社員,正社員,450万円～550万円
132,株式会社コシダカ | 【上場グループ企業】月収例29.4万円★月8~10日休★年2回5連休！,【カラオケ店舗社員(店長候補)】女性活躍中※高卒以上/年齢不問 正社員,正社員,300万円～850万円
133,株式会社HIPOWER | 完全週休2日制(土日祝) / 年休120日以上 / 残業月20h程度,グランピングなどに携わる【総合職】★賞与年3回★20代活躍中 正社員,正社員,380万円～630万円
134,UTエイム株式会社 | 大阪府緊急雇用対策に賛同【東証一部上場グループ】★WEB面接OK,コツコツ働ける♪【箱詰め・梱包スタッフ】未経験歓迎★全国募集 正社員,正社員,300万円～500万円
135,株式会社ジーアフター | お休み増えてます♪7月より年間休日は120日(有給休暇5日含む),残業ほぼなし！オフも充実【一般事務】★給与23万円～＋賞与2回 正社員,正社員,320万円～380万円
136,三友企業株式会社 | 神戸本社／港湾物流カンパニー／物流業界からの転職事例多数,休日と高収入のバランスが抜群【港湾荷役スタッフ】※未経験歓迎 正社員,正社員,350万円～500万円
137,UTエイム株式会社 | 大阪府緊急雇用対策に賛同【東証1部上場グループ】,【フィールドエンジニア】育成前提採用！未経験歓迎／全国募集 正社員,正社員,300万円～500万円
138,株式会社グッドワークコミュニケーションズ | 多角的な事業展開で急成長！★☆20～30代大活躍中！☆★,【営業職】★未経験スタート95％★定着率90％★平均月収36万円 正社員,正社員,350万円～800万円
139,東京エムケイ株式会社 | 《未経験でも研修3ヶ月計100万円の保証給》★有給取得率80％超,最高級サービスを届ける【コンシェルジュドライバー】※学歴不問 正社員,正社員,450万円～550万円
140,株式会社リプロ | ◇年間休日120日／完全週休2日制 ◇未経験でも月給30万円～,【提案営業】入社祝金『最大100万円支給の高待遇』でお迎え♪ 正社員,正社員,500万円～1000万円
141,UTエイム株式会社 | 大阪府緊急雇用対策に賛同【東証1部上場グループ】,【機械のサポートエンジニア】育成前提！未経験歓迎※高収入可能 正社員,正社員,
142,FUJINO HOUSE ENGINEERING株式会社 | #大阪府緊急雇用対策に賛同#シンプルワーク#Web面談#副業可,結局、”楽しい職場”で働きたくないですか？【作業スタッフ】 正社員,正社員,300万円～500万円
143,株式会社T-TOP | コロナ禍でも業績好調｜埼玉限定募集｜月収50万円の実例多数,オープニング募集＆月給28万円スタートも可能★【営業スタッフ】 正社員,正社員,
144,株式会社クリア | 全国80店舗以上を展開するメンズ美容のリーディングカンパニー,【メンズ美容の施術/カウンセラー】★月8日希望休★脱毛受け放題 正社員,正社員,300万円～720万円
145,メットライフ生命保険株式会社 | 【年間休日121日（2021年）／賞与年4回／土日祝休み】,収入・休みなど全てが自由に決められる【コンサルティング営業】 正社員,正社員,
146,株式会社一条工務店 | 戸建注文住宅の販売棟数No.1★コロナ禍でも受注数2019年比110％,商品力No.1だから年収1000万円が狙える【営業・販売】 正社員,正社員,450万円～800万円
147,株式会社ネクシード | 賞与1回で200万円も可能！在籍する社員の100％が未経験から入社,応募資格を満たす方は全員面接を保証します！未経験歓迎【営業】 正社員,正社員,300万円～800万円
148,株式会社アイエスエフネット | ★在宅勤務OK★完全週休2日★平均残業7.8h★インセンMAX60％,月35万～【ITエンジニア】★有給消化81％★年休126日／学歴不問 正社員,正社員,450万円～1000万円
149,DSP株式会社 | 入社半年で月収100万円以上の社員多数/大阪府緊急雇用対策に賛同,アニメやスポーツ番組の【反響営業】完全週休2日★学歴不問！ 正社員,正社員,400万円～1000万円
150,"洛陽交運株式会社 | ヤサカグループ／月額17,000円～即入寮できる社宅あり！",京都での新スタートを応援【タクシードライバー】年休120日以上 正社員,正社員,
151,東京エムケイ株式会社 | 【平均年収817万円】有給取得率80％超◆男性の育休/時短勤務実績,年収1000万円も可能！【高級車ハイヤーのドライバー】※高卒以上 正社員,正社員,450万円～550万円
152,ジャパニアス株式会社 | ◇日本ディープラーニング協会加盟◇時間外100％支給◇転勤なし,大手中心に200社以上と取引【モノづくりエンジニア】★年休125日 正社員,正社員,380万円～900万円
153,株式会社LUXSIA | ■九電工提携業務で安心■ 新規オフィス出店予定/ポストご用意,成長企業で活躍できる！【 提案営業 】未経験者歓迎/転勤なし 正社員,正社員,400万円～1000万円
154,エーアイアールグループ合同募集 | ★中途採用者活躍中 ★平均年齢29歳 ★残業少なめ ★研修充実,【ルームアドバイザー】★1年目で月収85万円以上可 ★8月入社OK 正社員,正社員,450万円～1000万円
155,アプライド マテリアルズ ジャパン株式会社 | 「初任給が高い」未上場企業ランキング第2位,【保守修理スタッフ】学歴不問/社会人経験者募集◆年間休日123日 正社員,正社員,
156,株式会社エンパワー | ◆買取専門店「大吉」◆ 4年連続「ベストベンチャー100」選出！,【買取スタッフ】20代で年収1000万円以上可！月残業は10h以内！ 正社員,正社員,400万円～700万円
157,株式会社ビッグモーター | 業界No.1◆インセンあり／年収800万円以上可能／残業少なめ,月収50万円以上可能【自動車整備スタッフ】*未経験歓迎*45歳以下 正社員,正社員,300万円～1000万円
158,株式会社アイエスエフネット | ★在宅勤務OK★年休126日★平均残業7.8h★インセンMAX60％,微経験(入社時)から年276万円UP実績有【ITエンジニア】高卒以上 正社員,正社員,306万円～1000万円
159,株式会社アイエスエフネット | ★在宅勤務OK★年休126日★平均残業7.8h★インセンMAX60％,(入社時)年収750万円⇒864万円にUP実績有【インフラエンジニア】 正社員,正社員,480万円～1000万円
160,株式会社アイネスト | #夏季休暇9連休＆年末年始休暇17連休 #有給取得率100%,「作品」と呼ぶにふさわしい邸宅をプロデュースする【用地仕入】 正社員,正社員,480万円～800万円
161,"株式会社ゴールドファステート | 【社員の平均年収は1,000万円超え】※大阪府緊急雇用対策に賛同",稼ぎたい方歓迎！月給30万円以上【住まいのアドバイザー】 正社員,正社員,450万円～2000万円
162,株式会社砂建 | 【月給22万円以上！完全週休2日制（土日）の働き方も選べます】,収入も環境面も安心！【メンテナンス】残業ほぼなし／社員寮あり 正社員,正社員,
163,株式会社EIDAIホールディングス | 【総合不動産プロデュース企業】賞与連続支給中！,商業施設などに導入するシステムの【企画営業】年間休日122日 正社員,正社員,350万円～600万円
164,DSP株式会社 | 初年度年収450万円以上可/産休育休有/大阪府緊急雇用対策に賛同,【総合職(営業/広報/人事/総務など)】やりたいことが見つかる♪ 正社員,正社員,400万円～1000万円
165,株式会社ビッグモーター | 月給23万9800円～/月8～10日休/土日休OK/賞与年2回/残業ほぼなし,【サービスフロント(受付事務)】未経験歓迎★高卒以上★転勤なし 正社員,正社員,300万円～550万円
166,株式会社ビッグモーター | 業界No.1◆月給23万9800円～☆残業ほぼなし☆面接1回,未経験からはじめる【フロントスタッフ(受付・事務)】*学歴不問 正社員,正社員,300万円～550万円
167,ケイアイスター不動産株式会社 | 【東証一部上場】CM放映中！昨年も30店舗規模で拡大中の安定企業,買い取る!?【法人営業】未経験歓迎！完全週休2日制／残業月20ｈ 正社員,正社員,400万円～700万円
168,株式会社ワールドコンストラクション | 東証一部上場ワールドホールディングス・グループ,【施工管理・施工図設計】◆地元で働ける◆ブランクOK 正社員,正社員,
169,ミライズライフ株式会社 | 設立5年で『60名で100億円企業』へ◆年収1000万円は通過点。,平等に人生を謳歌する権利がある。【営業】を通して明るい未来を 正社員,正社員,500万円～2000万円
170,株式会社ＫＯＧＡＯ | ★芸能人も多数来店 ★メディアで話題のSpeed小顔,【店舗スタッフ(受付等)】★原則定時退社 ★即月給30万円も可能 正社員,正社員,350万円～600万円
171,メットライフ生命保険株式会社 | 【大阪府緊急雇用対策に賛同】◆賞与年4回／完全週休2日制(土日),未経験歓迎！【コンサルティング営業】環境&収入ともに抜群◎ 正社員,正社員,
172,株式会社ライフサポート | 水道局指定工事店★業務委託で働くメリットを公開！平均月収48万,【水まわりメンテナンス・営業】★完全反響型★直行直帰 業務委託,業務委託,300万円～600万円
173,株式会社エネクスコンサルティング | 【 ENEX Holding Co. 】土日祝休みの完全週休2日制 ※若手活躍中,”カッコいい自分”になりたいなら今が転機です！【 法人営業 】 正社員,正社員,300万円～600万円
174,株式会社マーキュリー | 借地・底地のリーディングカンパニー◆年3回×7~10日の連休あり,仕入れ・企画・販売まで裁量広く活躍！【不動産営業】★土日祝休 正社員,正社員,380万円～600万円
175,株式会社FEC | ＼20代・30代活躍中／原則定時退社★年間休日120日★高い集客力,100％反響対応の【不動産営業】未経験OK★月給27万円以上＋賞与 正社員,正社員,350万円～1000万円
176,株式会社UPSTART | 設立3年で5名から120名に！営業アウトソーシング急成長企業！,【営業】平均年齢25歳☆未経験歓迎！無料の寮完備！月給30万円～ 正社員,正社員,360万円～1000万円
177,株式会社オリエンタル | ★初年度年収1000万円も目指せる！スピーディーな昇格あり！,入社1年目で月収70万円の実績も★【営業・バイヤー】未経験歓迎 正社員,正社員,350万円～800万円
178,エナジーサプライ株式会社 | ★新拠点のスターティング募集★【大阪府緊急雇用対策に賛同】,国が推奨する事業の【営業スタッフ】年間休日125日★育成枠採用 正社員,正社員,350万円～1600万円
179,株式会社アーバン・ウェブ | ★テレワーク導入中　★有給消化ほぼ100％で実質140日休み,【システムエンジニア】★経験者は前職給与保証 正社員,正社員,360万円～750万円
180,株式会社チェンジ | 今期も業績好調◎グループ連結で21期連続増収増益を更新中！,Web・アプリの【提案営業】★未経験OK★年収1000万円以上も 正社員,正社員,300万円～700万円
181,株式会社HIPOWER　 | 年休120日超/残業20h程度/臨時ボーナス平均月8~15万円/昇給年4回,ガッツリ稼げる！高インセンの【営業職】月給30万円スタートも 正社員,正社員,360万円～1000万円
182,有限会社竹内工業 | 岡山密着！高い技術力が自慢のエキスパート集団,【土木技術スタッフ】★未経験OK／賞与実績4～7ヶ月！ 正社員,正社員,280万円～650万円
183,KUROFUNE＆PARTNERS株式会社 | ★2020年7月 札幌NEW営業所開設★ ☆オープニングスタッフ募集☆,#未経験歓迎 #月給30万円～ #車通勤OK #札幌限定募集【営業】 正社員,正社員,500万円～700万円
184,ネットシステム株式会社 | ＊プライベートも充実！　＊産育休復帰実績＆時短勤務あり♪,年休126日＊土日休み【総合職（営業・カスタマーサポート）】 正社員,正社員,
185,朝日ソーラー株式会社 | 【大阪府緊急雇用対策に賛同】完全週休2日制導入で働きやすさUP,"【 営業 】▼「年収1,000万円以上」も十分に目指せます！ 正社員",正社員,450万円～1500万円
186,株式会社翔陽 | 安定事業で高収入が目指せる♪入社1年目で月収70万円の社員も！,《横浜・福岡》限定採用♪【営業・バイヤー】土日休み／転勤なし 正社員,正社員,350万円～800万円
187,KUROFUNE＆PARTNERS株式会社 | #入社1年目全員が年収500万円以上の実績 #社用車支給 #転勤なし,【営業】#未経験歓迎 #月給30万円スタート #車通勤OK #全国募集 正社員,正社員,500万円～700万円
188,株式会社成和工業 | #大阪府緊急雇用対策に賛同#年休120日#完全週休2日(土日祝休み),【営業系総合職(提案/現地調査など)】※賞与4～7ヶ月の実績あり 正社員,正社員,300万円～600万円
189,株式会社プラウドリンク | 【プラウドグループ】*経験を正当評価した給与を提示*年休125日,★前職給与保証★フリーランスのように働ける【ITエンジニア】 正社員,正社員,200万円～1000万円
190,株式会社レプラスワールド | ※大阪府緊急雇用対策に賛同※残業基本無し・急拡大中！,【提案営業】弊社では残業ほぼなしで年収1000万円が可能です！！ 正社員,正社員,420万円～1500万円
191,株式会社アローペイント | 残業ほぼなし◆転勤なし◆自由な社風◆安定成長企業で活躍,【提案営業】自分のスタイルで活躍！初年度年収1000万円以上も可 正社員,正社員,600万円～1000万円
192,株式会社エムテック | ＼大手直・長期案件多数／◆高収入 ◆残業月15h ◆完全土日休,前給保証！在宅ワーク実施中★【ITエンジニア】◎未経験OK！ 正社員,正社員,450万円～750万円
193,株式会社京栄コンサルティング | 採用コンサルタント|名駅徒歩5分|年収例:720万円/25歳/入社4年目,【 法人営業 】急成長中のベンチャー企業／平均年齢26歳 正社員,正社員,350万円～550万円
194,KUROFUNE＆PARTNERS株式会社 | #入社1年目全員が未経験で年収500万円以上の実績 #金沢限定募集,【買取査定スタッフ】#未経験歓迎 #オープニングスタッフ募集 正社員,正社員,500万円～700万円
195,エフエルシープレミアム株式会社 | 【大阪府緊急雇用対策に賛同】東証二部上場企業のグループ！,【総合職(営業・内勤営業・販売・企画)】★未経験者歓迎！ 正社員,正社員,400万円～1000万円
196,株式会社東京都心ハウジング | *コロナ禍でも安定成長中の不動産総合企業*女性活躍中*面接1回！,【総合職(仕入れ・売買・賃貸)】☆未経験歓迎☆月給30万円～ 正社員,正社員,350万円～1000万円
197,株式会社吉安建設 | ＜ 大正5年創業 ＞ 熊本のまちづくりと発展を支えてきた実績,【施工管理（土木/建築）】★昇給年2回 ★賞与年3回 ★転勤なし 正社員,正社員,
198,BSCモーゲージバンク株式会社 | 【ARUHIのフランチャイズとして圧倒的なシェア！】★完全週休2日,正当評価◎ 未経験でも年収2000万円をフェアに目指せる【営業】 正社員,正社員,
199,株式会社ニチリョク | JASDAQ上場企業◆完全週休2日制◆原則定時退社◆退職金制度あり,★平均月給60万円★【提案営業】☆未経験OK★フレックスタイム制 正社員,正社員,400万円～1000万円
200,株式会社駅前不動産 | 店長の平均年収は550万円以上！コロナ禍でも減給など一切ナシ◎,東証一部上場のリログループの一員！【 賃貸仲介スタッフ 】 正社員,正社員,
201,クラウンコンサルティング株式会社 | ビジネスマッチングサイト『ビジェント』を運営する急成長企業！,【メディアプランナー(広告営業)】テレワーク推奨／フレックス 正社員,正社員,300万円～550万円
202,株式会社パイプマン | ★名古屋・岡崎募集★応募者全員と面接を行う予定★若手積極採用,プライベートとの両立が叶う【作業スタッフ】◆残業少なめ 正社員,正社員,300万円～1020万円
203,株式会社ガーヴェラ | ◆月給27万スタート！◆高率歩合給◆不動産経験者優遇,成果に繋がるノウハウを伝授【中古マンション売買仲介】 正社員,正社員,400万円～1000万円
204,ロイヤルハウジング株式会社 | 【創業47年／ロイヤルグループ】昨対比売上150％以上！,高収入を目指せる【売買仲介営業】★業績賞与年3回★100％反響 正社員,正社員,480万円～1000万円
205,日本キャリアグループ株式会社 | ★Web面接OK★ 完全週休2日制/年休120日以上/残業月平均20H以内,働く環境を選んで活躍する！【営業職（コーディネーター）】 正社員,正社員,300万円～720万円
206,株式会社アースインフィニティ | 【事業拡大！オープニング採用も開始】大阪府緊急雇用対策に賛同,新電力を扱う上場企業【法人営業】未経験OK/賞与100万円以上も可 正社員,正社員,350万円～1000万円
207,株式会社インディペンデントインキュベータ | 全国10拠点展開／育成前提の採用／土日祝休み／賞与年3回支給,"年収1,000万円超の社員多数！【オフィスプランナー】※転勤なし 正社員",正社員,
208,株式会社イマス | 40歳未満の方は全員面接します！★賞与年2回＋特別賞与★土日休,＼昇進×固定給UPで、安定して稼げる／【企画営業】※年休120日 正社員,正社員,300万円～800万円
209,テレック株式会社 | 土日祝休みOK／産・育休完備／入社2年目で月給34万円も可能,【受付】★週休3日・年休156日・原則定時退社・月給23万円以上★ 正社員,正社員,350万円～550万円
210,"株式会社フレックス | 八尾,東大阪,大東限定募集/創業約60年/大阪府緊急雇用対策に賛同",大阪ガスグループで活躍★【ライフアドバイザー】※土日祝休 正社員,正社員,350万円～500万円
211,i-CREW株式会社 | 【入社2年目以降に年収800万超も可能】即日内定もOK！,大手空調メーカーの【メンテナンス】未経験OK／残業ほぼなし 正社員,正社員,
212,積水ハウス不動産関西株式会社 | 業界経験者にも選ばれる安心の職場【大阪府緊急雇用対策に賛同】,宅建を活かして活躍！【賃貸管理】土日祝休／年休129日／賞与3回 正社員,正社員,400万円～700万円
213,株式会社ジャパンエコテクニカルズ | 完全週休2日制｜賞与年3回｜天神勤務｜残業月平均10時間程度,パナソニック等の有名商品を提案【PR・営業スタッフ】※未経験OK 正社員,正社員,
214,大和総合住設株式会社 | 賞与年4回支給！正当な評価制度アリ★月収200万円も目指せます,完全週休2日制&朝はゆっくり13時出社♪【提案営業】※福岡勤務 正社員,正社員,350万円～800万円
215,株式会社ARIKI | 月給27万円＆賞与年3回／スピード昇格◎／新日本住設グループ,★広島募集＆転勤なし★【営業】条件に合う方全員と面接します 正社員,正社員,500万円～800万円
216,株式会社PENTAGON | 月給27万円＆賞与年3回／スピード昇格◎／新日本住設グループ,★大阪・滋賀・高松募集★【営業】条件に合う方全員と面接します 正社員,正社員,500万円～800万円
217,株式会社エージェントゲート | Web面談実施中★年間休日130日★Python／Java／Rubyなど案件多数,【プログラマ】*ずっとPGを続けて収入UP*全員面談*土日祝休み 正社員,正社員,264万円～600万円
218,株式会社ARIKI | 月給27万円＆賞与年3回／スピード昇格◎／新日本住設グループ,★名古屋限定★【営業】条件に合う方全員と面接／年収1000万円可 正社員,正社員,500万円～800万円
219,株式会社PENTAGON | 月給27万円＆賞与年3回／スピード昇格◎／新日本住設グループ,★仙台募集＆転勤なし★【営業】条件に合う方全員と面接します 正社員,正社員,400万円～800万円
220,株式会社エージェントゲート | ★有給取得率100％★産休育休取得＆復帰率100％★定着率90％超★,【ITサポートスタッフ】年休130日以上＆残業なし☆全員面談☆ 正社員,正社員,264万円～600万円
221,大和総合住設株式会社 | ★賞与年4回支給★ 月収200万円以上も目指せます！,＼沖縄勤務／完全週休2日制&朝はゆっくり13時出社♪【提案営業】 正社員,正社員,350万円～800万円
222,株式会社エージェントゲート | 定着率94%★全員Web面談実施中★年間休日130日,【インフラエンジニア】★経験の浅い方歓迎★ブランクある方もOK 正社員,正社員,264万円～600万円
223,株式会社ARIKI | 月給27万円＆賞与年3回／スピード昇格◎／新日本住設グループ,★姫路・福岡・熊本募集★【営業】条件に合う方全員と面接します 正社員,正社員,500万円～800万円
224,神明株式会社 | 創業68年☆残業月平均20h以下☆賞与年2回☆有給取得しやすい社風,【人材コーディネーター】未経験歓迎の正社員採用★社員寮あり！ 正社員,正社員,300万円～500万円
225,イノス株式会社 | 実務未経験でも高収入が狙える！★賞与年3回／基本定時退社！,アシスタントから安心スタート！【建築施工管理】★年休115日★ 正社員,正社員,350万円～600万円
226,株式会社リンカッド | 月給42万以上＋前給保証★全国各地で採用★テレワーク100％,"サービスも会社づくりも""全員参加""で挑める！【開発エンジニア】 正社員",正社員,504万円～1000万円
227,アートバンライン株式会社 | 大手企業と多数取引で業績好調★月8～9日休み土日休みも可,【小型(2t)トラックドライバー】★面接1回★高定着率★[未]歓迎 正社員,正社員,400万円～500万円
228,アートバンライン株式会社 | 大手企業と多数取引で業績好調★月8～9日休み★土日休みも可,【中型(4t)トラックドライバー】面接1回★転勤なし！安定性◎ 正社員,正社員,450万円～600万円
229,アートバンライン株式会社 | 大手企業と多数取引で業績好調★売上295億円を誇る安定企業,【大型(10t)ドライバー】★面接1回★無理のない配車調整で負担少 正社員,正社員,500万円～650万円
230,有限会社エフォール | ≪全員面接＊働き方選べます≫初期費用0円★年齢不問,『配った荷物＝あなたの給料』【軽車両ドライバー】AT限定免許OK 業務委託,業務委託,100万円～1000万円
231,株式会社ドリームホーム | AVANTIAグループ/京都屈指の業績/創業12年目で売上高170億円突破,完全反響対応の【不動産営業職】★ノルマ一切なし 正社員,正社員,300万円～500万円
232,株式会社アドシード | 設立以来、毎年黒字経営で成長中！☆年休120日以上★リモート可,20代活躍中！【営業】IT×人材で活躍◎業界・職種未経験歓迎！ 正社員,正社員,300万円～800万円
233,株式会社手なおし屋 | ★日月休み(土日休みも相談可) ★年間休日125日 ★基本定時退社,★月給30万～【営業】※稼げる仕組みあり → 平均月収40～50万円 正社員,正社員,400万円～600万円
234,株式会社IIJプロテック | 【東証一部上場グループ】昨年賞与実績年3.3ヶ月分／土日祝休み,*.★未経験OK！女性活躍中★.* 学校や公共施設への【提案営業】 正社員,正社員,350万円～500万円
235,新エネルギー計画株式会社 | ◆残業ほぼゼロ ◆完全週休2日制 ◆実働7H【入社祝金10万円】,未経験OK！エコ商材を扱う【アポインター営業】月収80万円も可！ 正社員,正社員,330万円～1000万円
236,株式会社マツイコーポレーション | 【未経験でも月給25万円以上！】大阪府緊急雇用対策に賛同,街を支える【施工管理スタッフ】国交省やNEXCOと取引／建築工事 正社員,正社員,
237,株式会社岸田 | 【延岡本社】宮崎県内から東京・大阪など”全国”を舞台に活躍,高収入×好待遇を実現◎【現場技術スタッフ】※応募者全員と面接 正社員,正社員,400万円～500万円
238,株式会社ビジョン | 異業種出身の先輩も活躍中！飲食/ホテル/不動産/教育/アパレル等,《東証一部上場》未経験から成長→高収入を実現！！【提案営業】 正社員,正社員,400万円～500万円
239,株式会社モリシン電気設備 | 週休2日／皆勤・家族手当など完備【大阪府緊急雇用対策に賛同】,経験者募集！【電気工事】前職給与を保証・月収50万円以上も可能 正社員,正社員,400万円～600万円
240,株式会社ユタカホーム | ★残業1日1H以下★転勤ナシ★定着率97％★未経験の先輩多数,【施工管理】★未経験でも月給35万円以上＋インセンティブ！ 正社員,正社員,400万円～600万円
241,UTエイム株式会社 | 【東証一部上場グループ】スキルアップ支援体制充実！,<岩手県奥州市勤務！>【半導体装置エンジニア】★未経験歓迎 正社員,正社員,350万円～500万円
242,UTエイム株式会社 | 【東証一部上場グループ】スキルアップ支援体制充実！,<三重県四日市市勤務！>【半導体装置エンジニア】★未経験歓迎 正社員,正社員,380万円～500万円
243,株式会社貴順 | ★将来のマネージャー候補募集★男女活躍中★寮制度など充実,未経験でも月30万円以上！【軽ドライバー】★意欲重視の採用 正社員,正社員,360万円～700万円
244,UTエイム株式会社 | 【東証一部上場グループ】スキルアップ支援体制充実！,<熊本県合志市勤務！>【半導体装置エンジニア】★未経験歓迎 正社員,正社員,400万円～700万円
245,積水ハウス不動産中国四国株式会社 | 【中四国トップクラスの売上高・積水ハウスグループ】賞与年3回,【不動産営業】「あなた」の力を発揮してください！※年休129日 正社員,正社員,
246,"株式会社クレス不動産 | 物件を""見つける""仕事です。未経験入社で年収1000万円も可能！",【不動産仕入営業】完全週休2日制＊ムリなく稼げる 正社員,正社員,400万円～1200万円
247,住友重機械イオンテクノロジー株式会社 | #東証一部上場 住友重機械工業グループ#充実の福利厚生,【技術系総合職(製造管理、製造技術など)】※賞与6.4ヶ月実績 正社員,正社員,350万円～700万円
248,レイス株式会社 | 国内TOPクラスの総合コンサルティング会社,【営業】企業経営者が抱える様々な課題に対して解決手段を企画！ 正社員,正社員,450万円～1050万円
249,株式会社SALTO | ベトナムに現地法人設立！グローバル展開も進めるITベンチャー,【開発エンジニア】★圧倒的なスピードで成長するITベンチャー！ 正社員,正社員,400万円～900万円
250,株式会社SALTO | ベトナムに現地法人設立！グローバル展開も進めるITベンチャー,【インフラエンジニア（PG/SE/PL/PM）】☆年休平均132日 正社員,正社員,400万円～900万円
251,株式会社STAYGOLD | 【未経験大歓迎】★100％完全反響 ★週3日休みもOK ★11時出社可,人気ブランドを扱う【反響営業】*ノルマなし*月最大50万を支給！ 正社員,正社員,300万円～800万円
252,株式会社ケニーモバイル | 首都圏でオープニングstaff募集★杉並区/関内/横須賀で地域密着,☆ネイル・髪型自由☆【受付・販売】残業ほぼなし☆完全週休2日 正社員,正社員,300万円～450万円
253,株式会社アイダ設計 | テレビCMでお馴染みの企業！成長が止まらないハウスメーカー★,将来は各店舗の責任者として活躍！注文住宅の【建築設計】 正社員,正社員,350万円～750万円
254,UTコミュニティ株式会社 | <東証一部上場グループ>年休128日★社宅費全額補助エリア多数！,【サポートスタッフ(PC入力・検品等)】未経験で月収30万円以上可 正社員,正社員,
255,株式会社日栄テック | 【大阪府緊急雇用対策に賛同】残業少なめ/20代の若手社員活躍中,★育成枠採用【施工管理】学歴不問／未経験でも月給27万円以上！ 正社員,正社員,500万円～700万円
256,関西不動産販売株式会社 | 16期連続で増収増益｜北摂エリアにてトップクラスの知名度＆実績,圧倒的な反響＝高収入を実現！【リフォーム営業】※業界未経験OK 正社員,正社員,
257,ME不動産埼京株式会社 | ＊面接1回でスピーディに採用＆内定＊残業ほぼナシ/年休120日～,埼玉TOPクラス★昨年度グループ最高益達成【不動産コンサル】 正社員,正社員,300万円～800万円
258,株式会社ガイア | 月給25万円以上！培ってきた豊富な経験を活かしませんか？,大規模プロジェクト多数【開発許認可・土木設計コンサルタント】 正社員,正社員,
259,関西不動産販売株式会社 | 16期連続で増収増益中｜固定給25万円を最低保証｜随時昇給あり,年間ボーナス1000万円の支給実績多数【不動産営業】業界未経験OK 正社員,正社員,
260,株式会社HiiizL | 【 設立以来8期連続黒字経営 】教育評価制度充実/入社祝い金あり,【イベントPR・営業】政府推奨アワード受賞／完全週休2日制 正社員,正社員,300万円～700万円
261,株式会社総合資格 | ◆業界トップクラスの実績／平均年収825万円／年間休日112日以上,賞与平均5.34ヶ月【提案営業】★群馬/新潟/長野エリア積極採用中 正社員,正社員,500万円～600万円
262,株式会社インサイト | 【東証マザーズ上場 シック・ホールディングス グループ】,家賃決済代行サービスの【提案営業】◆未経験歓迎 ◆土日祝休み 正社員,正社員,300万円～500万円
263,株式会社グランドツー | 未経験でも月給25万円以上◆年休125日～◆月の平均残業10h以内,コロナ禍で需要増大【反響営業】完休2日◆成約1件毎にインセン有 正社員,正社員,340万円～720万円
264,株式会社Kraft | 【大阪府緊急雇用対策に賛同】友達と一緒に応募大歓迎☆転勤なし,稼ぎたい方必見！！高収入の【通信工事スタッフ】※未経験大歓迎 正社員,正社員,
265,真栄建設運輸株式会社 | 【安定感ある岡本グループ】★マイナビからの採用実績複数有り！,【技術系総合職】★除雪&出張&夜勤なし！月収30万円以上も可能！ 正社員,正社員,350万円～450万円
266,光和電設株式会社 | 100%直請け★アパホテルやドン・キホーテ、コメリなどの実績多数,"技術よりも""温かい心""を持った方を採用します！【 電気工事士 】 正社員",正社員,
267,富士レッカー株式会社 | 大阪府緊急雇用対策に賛同｜ 土日祝休み｜残業少なめ,★ノルマなし★【ルート営業】※未経験でも月給26万円以上を確約 正社員,正社員,
268,株式会社九州エネコ | 年休120日以上/完休2日制/転勤なし/社員寮あり/平均月収70万円,"『年収1,000万円』は通過点。【エコプランナー】※学歴一切不問 正社員",正社員,400万円～750万円
269,UTグループ株式会社 | 東証一部上場／ご当地グルメが満載！東海・北陸で働く,【キャリアマネージャー(人材管理/育成等)】★東海・北陸限定 正社員,正社員,350万円～800万円
270,UTグループ株式会社 | 東証一部上場／お米のおいしい東北、魚介がおいしい北海道で働く,【キャリアマネージャー(人材管理/育成等)】★北海道・東北限定 正社員,正社員,350万円～800万円
271,株式会社京進 | 東証二部上場,"【学習塾教室長】独立を目指し、教室長として""経営""を学べる！ 契約社員",契約社員,
272,UTエイム株式会社 | 【東証一部上場グループ】スキルアップ支援体制充実！,<富山市勤務！>【半導体装置エンジニア】★未経験歓迎 正社員,正社員,400万円～700万円
273,株式会社MARUEI | 土日祝休み＊選べる案件＊”働きやすく稼げる環境”を実現！,【施工ディレクター】経験者優遇／月給35万円～／直行直帰OK 正社員,正社員,450万円～800万円
274,株式会社イケウチ | 首都圏に6店舗展開の優良企業／上場を視野に成長中！,【技術スタッフ】自動車板金・塗装※未経験・第二新卒歓迎 正社員,正社員,300万円～500万円
275,株式会社ライフ東京 | 完全週休2日制／今年1月にオフィス増設／年3回8日間以上の休み有,"【不動産営業】1年目で年収1,500万円以上も可能★未経験歓迎！ 正社員",正社員,600万円～1500万円
276,ウィンクルム株式会社 | 【大阪府緊急雇用対策に賛同】※土日祝日休み／月給25万円以上,キャッシュレス決済サービスの【コンサルティング営業】土日祝休 正社員,正社員,
277,株式会社エス・エル・エス福岡 | 総合レジャーサービスグループ(九州全県、広島県に35店舗展開),未経験OK【経営戦略・企画】店舗開発や経営まで幅広く経験できる 正社員,正社員,600万円～800万円
278,株式会社ウィディオ | 大手サブコンのパートナー企業として安定成長,居心地の良さプライスレス【電気工事スタッフ】★未経験歓迎 正社員,正社員,
279,ウィンクルム株式会社 | ***土日祝日休み／未経験歓迎*** 【大阪府緊急雇用対策に賛同】,フードデリバリーサービスの【提案営業】※土日祝休／月給25万円 正社員,正社員,
280,株式会社ハマエンジニアリング | 【TV＆WEBCM絶賛放映中！】未経験者大歓迎／有給取得率88.8%,【 点検スタッフ 】半導体の製造を支えるやりがいあるお仕事です 正社員,正社員,
281,株式会社インフィライズ | ☆全国募集☆【建設業界の技術者に特化した人材サービスを展開】,案件や働き方の理想が叶う！【施工管理】★入社祝い金最大10万円 正社員,正社員,360万円～960万円
282,株式会社ファースト | 【不況知らずのカスタムカー専門店】＊平均年収600万円以上！,往年の名車続々！【カーアドバイザー】＊未経験OK・残業ほぼなし 正社員,正社員,450万円～650万円
283,株式会社ＡｐｐＤａｔｅ　Ｈｏｌｄｉｎｇｓ | <急成長企業で活躍>★面接1回・人物重視の採用★土日祝休み,未経験歓迎！オフィス機器の【Web企画営業】★残業月20時間ほど 正社員,正社員,350万円～400万円
284,株式会社京進 | 東証二部上場,【学習塾経営】転職して社員に？いや、次のキャリアは独立だ！ FCオーナー,FCオーナー,
285,株式会社ビッグバンズ | 平均月収30万円～50万円！確かな教育 × 稼げるインセンティブ,★未経験OK ★あなたの理想を叶えるチャンス！【営業】 正社員,正社員,
286,さくら観光バス株式会社 | 【最新バス多数所持】地域密着の優良バス会社,【高速バスの運転士】／残業月20h以下／初年から月収40万円可 正社員,正社員,360万円～480万円
287,株式会社福森商会 | 創業約80年／業界トップクラスの安定企業！★年休110日~(土日祝),【メンテナンススタッフ】★若手活躍中・賞与計7ヶ月分の実績有 正社員,正社員,300万円～500万円
288,株式会社ネクスト21 | <東京大学や理化学研究所と共同研究>土日祝休み/年間休日120日～,"ライフサイエンス系総合職(薬事申請/再生医療人工骨の開発,製造) 正社員",正社員,
289,和韓居酒屋 志 | #コロナ禍でも業績好調#新ビジネスを展開しよう!#役員も目指せる,一緒に新たなビジネスを発信しよう！飲食店の【店長・幹部候補】 正社員,正社員,300万円～500万円
290,株式会社CRUD nop | ECサイト/動画配信/ゲーム等のWebシステムを手掛ける成長企業,"次は""したいこと""重視でいこう【ITエンジニア】★前給保障！ 正社員",正社員,350万円～900万円
291,株式会社エヴァ・ライフ | ＼ 高収入が目指せます ／インセンティブが10万円を超える月も?!,今後ますますの拡大が期待される【 福祉用具のルート営業 】 正社員,正社員,
292,リアルティ株式会社 | 毎月インセン&賞与年2回★産休育休・時短勤務等、長く働ける環境,【中古住宅仕入・用地仕入】未経験歓迎／最短で収入UP・昇格！ 正社員,正社員,400万円～800万円
293,株式会社ゲッコー | 直行直帰可能！転勤ナシで地元で働ける＊業界経験者歓迎,20代の平均月収＝約43万円★実働6h＆残業ナシ【技術系総合職】 正社員,正社員,350万円～650万円
294,AIG損害保険株式会社 | 関西エリア積極採用中・自由度の高い営業スタイルが魅力！,【法人営業】月給34万円以上◆年休120日以上◆経験者歓迎 契約社員,契約社員,500万円～550万円
295,株式会社ライトハウス | ☆土日祝休み＆年休120日 ☆資格手当・住宅補助など充実,未経験大歓迎！【法人営業】★スタートアップメンバー募集★ 正社員,正社員,350万円～1000万円
296,あっとホームサービス株式会社 | 【倉敷募集】ふすま・障子専門店！ニッチな需要が安定してます★,反響型店舗の立ち上げ★【店長候補】ゼロからスタートを応援！ 正社員,正社員,
297,株式会社HI-LINE | 【条件に合う方全員面接】家族手当充実！賞与昨年度実績3ヶ月分,配送業務未経験でも全然OK！【ルート配送 2t】※AT限定免許でOK 正社員,正社員,350万円～450万円
298,昭和プラント株式会社 | ■残業月平均10時間以内 ■転勤なし ■未経験スタート大歓迎,技術者ファーストな好環境で働ける♪【電気工事スタッフ】 正社員,正社員,
299,株式会社浜寺ガスセンター | 【大阪府緊急雇用対策に賛同】年収800万円も目指せる/既婚率70％,【総合職(営業/メンテナンス)】※残業少なく・賞与平均4ヶ月に 正社員,正社員,
300,株式会社エーシーネクスト | ☆転勤なし☆研修も充実♪ ☆異業種出身者も活躍中！,★スタートアップ募集【住宅塗装の営業】賞与年4回/テレアポなし 正社員,正社員,350万円～500万円
301,アクリーコンサルティング株式会社 | ★コロナ禍でも過去最高益達成★平均年齢32歳、20～30代活躍中！,人と企業をつなぐ【ヘッドハンター(コンサルティング営業)】 正社員,正社員,540万円～800万円
302,株式会社未来図建設 | 【 創業119年の老舗安定企業 】■月給30万円以上 ■19時完全退社,建設を通してクライアントの課題を解決する【 営業 】■転勤なし 正社員,正社員,360万円～800万円
303,大東建託株式会社 | ■三重で[ 東証一部上場企業 ] の一員として活躍！■年休125日,＼何歳からでもスタートできる／【 営業 】＊三重募集＊ 正社員,正社員,350万円～1000万円
304,和光設計工事株式会社 | #大阪府緊急雇用対策に賛同 #充実の福利厚生、整った労務環境,残業ほとんどなし!完全週休2日制で働く【施工管理】※未経験歓迎 正社員,正社員,
305,株式会社井上組 | 創業90年以上｜JRなど大手と安定取引｜大阪府緊急雇用対策に賛同,【施工管理アシスタント】★完全未経験OK／8～9日の連休も可能★ 正社員,正社員,360万円～500万円
306,株式会社丸八ダイレクト | ◆名証二部上場「丸八グループ」◆WEB面接可◆報奨金・賞与年2回,【販売スタッフ】未経験でも月30万～可★嬉しい社宅有★学歴不問 正社員,正社員,
307,日交練馬株式会社 | 90年以上の歴史を持つ業界最大級の日本交通グループ,【タクシードライバー】年収500万円以上可！休日休暇も充実♪ 正社員,正社員,360万円～600万円
308,溝江建設株式会社 | 【 みぞえグループ 】■月給30万円以上 ■資格取得支援あり,福岡の街に、歴史に残る仕事を手がける【建築施工管理】転勤なし 正社員,正社員,
309,消火栓標識株式会社,消火栓標識の【管理スタッフ】★20代～幅広い年齢層が活躍中！ 正社員,正社員,300万円～400万円
310,株式会社グロリアース | 《 福岡本社（福岡市）積極採用中 》幅広い年齢層が活躍中です★,40代の新人も活躍中【営業】年齢・経験一切不問／未経験者歓迎 正社員,正社員,
311,株式会社キャリアサービス | 【年休125日以上】【産休育休実績あり】★20代・30代活躍中！,未経験月給35万保証!実現可能な理由は?【人材コーディネーター】 正社員,正社員,500万円～1000万円
312,株式会社データワンテクノロジー | 【業績好調】★現在待機ゼロの安定性★残業月平均10～20ｈ,【ITエンジニア】★新価値創造に挑戦★育成環境安心★定着率90％ 正社員,正社員,300万円～1000万円
313,株式会社Neo | （リサイクル事業）,【営業】6月設立◆直行直帰＆完全反響型！月収50万円以上可 正社員,正社員,360万円～600万円
314,株式会社よかタウン | 【東証一部上場のグループ企業】◇年収600万円以上も実現可能！,九州No1を目指す企業で活躍！【 営業 】★年間休日115日 正社員,正社員,
315,株式会社ファーストエージェント | 新しい働き方×納得のいく報酬を実現！1年目で年収1000万円可能,スタートアップメンバー募集！【不動産エージェント】副業OK 業務委託,業務委託,400万円～2000万円
316,株式会社ワークプレイスソリューションズ | 米国最大級のオフィス家具メーカー正規代理店◆海外出張あり,【ディレクター（インテリア・空間デザイン）】◆管理職候補 正社員,正社員,400万円～600万円
317,株式会社ワークプレイスソリューションズ | 米国最大級のオフィス家具メーカー正規代理店◆昨年度賞与4ヶ月,【企画営業】管理職候補◆成果反映型のコミッションボーナスあり 正社員,正社員,400万円～600万円
318,株式会社窪治組 | ほぼ残業なし★社員寮完備★週休2日★実働7.5時間★各種手当充実,未経験OK！【現場サポートスタッフ(現場監督候補)】★面接1回 正社員,正社員,300万円～550万円
319,株式会社シンミテクノ | ★20名採用プロジェクト始動！【大阪府緊急雇用対策に賛同】,世界シェアダイキンの技術部隊！【点検・メンテナンススタッフ】 正社員,正社員,
320,広島建設株式会社 | ～千葉に根差して50年の安定基盤があります～★WEB面接実施中★,◎転勤なし◎分譲住宅・注文住宅の【提案営業】※100％反響型 正社員,正社員,250万円～500万円
321,スカイジャパン株式会社 | 平均年齢35歳｜転勤ナシ｜幹部候補｜在宅勤務OK｜WEB面接対応◎,※複数名＆群馬積極募集※【提案営業】未経験でも月給30万以上！ 正社員,正社員,400万円～600万円
322,有限会社チャンス | 《千葉エリア中心の中古車販売店》ノルマなし／100%反響型,＼未経験大歓迎／売りやすさバツグン【カーライフアドバイザー】 正社員,正社員,300万円～500万円
323,"株式会社エーシーネクスト | 【4,000件以上の実績】★東北トップクラスのシェア率を誇ります",賞与年4回・完全週休二日制など制度抜群【省エネアドバイザー】 正社員,正社員,350万円～500万円
324,株式会社TERASS | 年収2000万も可能/仲介手数料の75％が年収/出社義務無し/副業OK!,フルリモート!面接1回【不動産売買仲介エージェント】※学歴不問 業務委託,業務委託,100万円～2000万円
325,株式会社オープンハウス | 20代の管理職率76％◆年4回昇給&昇格のチャンス有,<福岡勤務限定！>東証一部上場企業の【不動産営業】★未経験歓迎 正社員,正社員,390万円～1000万円
326,株式会社鈴鹿英数学院 | 【★転勤なし★　週休2日制｜モデル年収30歳600万円】,未経験OK★【総合職(教務・教室運営等)】子どもが好き！が活きる 正社員,正社員,
327,アップワン株式会社 | 【IT × 課題解決】コロナ禍でも成長を続けるベンチャー企業,【営業アシスタント】100％内勤／高収入／月給25万円＋インセン 正社員,正社員,300万円～500万円
328,株式会社エス・ビルド | 昨対比売上110％UP／年間休日121日／フレックス＆テレワーク導入,将来的は年収1000万円以上も可能！空間づくりを提案する【営業】 正社員,正社員,300万円～420万円
329,株式会社クレス不動産 | 反響営業だから、未経験でもムリなく稼げる＊,《20～30代中心に活躍中！完休2日》新築住宅の【不動産営業】 正社員,正社員,400万円～1000万円
330,株式会社CREA HOME | 設立以来増収増益↑｜将来的に年収600万円以上も可能｜週休2日制,デザイン性の高いリノベーションを手がける【建築内装施工管理】 正社員,正社員,350万円～900万円
331,株式会社 明和 | 創業60年以上、業績好調のエクステリアメーカーです！,アルミガレージメーカーでの【 法人営業 】 正社員,正社員,
332,東山管理センター株式会社 | 関西トップクラスの実績／資格手当など福利厚生充実,快適な水環境を守る【調査・メンテナンス】 ★年休125日★ 正社員,正社員,300万円～600万円
333,株式会社田辺消防システム | 法律で決まった消防設備点検を行う会社/経験者年収500万円～も可,【ルート点検スタッフ】★賞与年3回＆年休110日＆完全週休2日制 正社員,正社員,350万円～620万円
334,都タクシー株式会社 | 創設80年以上/就職祝い金あり◆月収30万円以上可能！,【タクシードライバー】未経験歓迎◎書類選考なし！研修制度充実 正社員,正社員,400万円～450万円
335,中央日化サービス株式会社 | 【創業62年の安定企業】◆資格支援制度あり◆平均月収35万円以上,【サービススタッフ】未経験OK◆賞与年3回&年収500万以上可能！ 正社員,正社員,300万円～400万円
336,有限会社アスター | 【高収入×残業ほぼなし×年間休日120日】★コロナ禍でも安定,"＼業界経験者必見／年収3,000万円をめざせる【不動産営業】 正社員",正社員,300万円～1500万円
337,株式会社コスモビルマネジメント | やりがい・充実度◎長く安定して働ける環境です！,【施設管理職】責任者年俸500～750万・一般社員年俸300～480万 正社員,正社員,
338,株式会社カーネルジャパン | 【高水準のインセンあり】★土日祝休み★有給取得率◎＝連休もOK,未経験からチャレンジOK【人材コーディネーター】★年休125日～ 正社員,正社員,220万円～700万円
339,西日本高速道路エンジニアリング中国株式会社 | 【NEXCO西日本グループ】◎年収600万円以上も目指せます！,【土木技術者(管理・点検・設計など)】◎年休120日×完全週休2日 正社員,正社員,
340,ツチヤ自動車株式会社 | 千葉・東京を中心に地域密着◎社員の大半が勤続15年以上です！！,【カーライフアドバイザー】入社1年目から、年収500万円以上可能 正社員,正社員,400万円～550万円
341,株式会社インターコスモス | 頑張りは給与・賞与できっちり還元します！！,イベント・空間を華やかに演出する【提案営業】 正社員,正社員,450万円～550万円
342,株式会社東亜産業 | 20代～30代中心に活躍中／年間休日120日以上,急成長メーカー企業の【法人営業】◆昇給随時＆歩合あり 正社員,正社員,
343,株式会社ジェイウェイブ | 男女ともに活躍できる！入社2年半、20代で所長になるスタッフも,未経験者大歓迎！【営業スタッフ】※インセンティブ制度あり 正社員,正社員,350万円～450万円
344,山三交通株式会社 | 未経験活躍中／格安＆キレイな社員寮有！上京も支援／Web面接OK,稼ぎたい・マイペース両方OK【タクシー運転手】★年休125日以上 正社員,正社員,350万円～800万円
345,株式会社みらい住宅開発紀行 | ◆各種祝金あり◆研修制度あり【大阪府緊急雇用対策に賛同】,不景気にも強い！【リフォームアドバイザー】平均月収50万円 正社員,正社員,300万円～850万円
346,株式会社統源 | 採用担当直通★TEL問い合わせもOK⇒080-3350-7778,高収入可能★働く時間も、日数も、あなたの自由★【ドライバー】 業務委託,業務委託,300万円～500万円
347,ケイエイツー株式会社 | 店舗拡大中の急成長住宅メーカー★2020年度グッドデザイン賞受賞,UIターン歓迎／WEB面接OK／引越代負担あり【経理】★月給25万円~ 正社員,正社員,350万円～550万円
348,株式会社グリード | ＼ Web面接も可能 ／ 人気のエリア福岡でネクストキャリアを―！,"意欲次第で年収1,000万円も目指せます【 売買営業 】*年休120日 正社員",正社員,400万円～1000万円
349,株式会社エム・シー・ピー | ★年齢不問★連続休暇取得も可★資格取得支援有★20～50代活躍中,【マンション修繕の施工管理】年収1000万円も可能/昇給年4回実績 正社員,正社員,450万円～850万円
350,株式会社Ｔ．ｖａｌｕｅ | 明確な評価制度／インセン平均40～50万円／半年で役職も可能！,立ち上げ期のメンバーを募集！【提案営業】月給27万円+インセン 正社員,正社員,
351,株式会社MICALLE | ★土日祝休み・完全週休2日制★【大阪府緊急雇用対策に賛同】,レディースアパレルブランドで活躍♪【総合職(営業・営業事務)】 正社員,正社員,300万円～780万円
352,株式会社TEC三河 | ★人手不足が続く三河は豊かな市場！だから営業しやすさ抜群！,【人材コーディネーター】＊完全週休2日＊残業少なめ＊転勤なし 正社員,正社員,300万円～600万円
353,株式会社ゼント | 東京都大田区に人気の「アパマンショップ」4店舗を展開！,完全反響型の【ルームアドバイザー】1年目で年収600万円も可能！ 正社員,正社員,
354,日本コンセントリクス株式会社 | 土日祝休み／年休121日／残業月10～20H以内／リモートワークOK,Microsoft社製品の【カスタマーサポート】★大阪・札幌勤務★ 契約社員,契約社員,350万円～400万円
355,株式会社スカーラサポート | 《面接1回》《社員の9割が月給30万円以上実現》《普通免許でOK》,【レッカーサービススタッフ】◎年齢不問 ◎埼玉・東京募集 正社員,正社員,350万円～600万円
356,株式会社エフォート | 大阪府緊急雇用対策に賛同｜年間休日120日 × 土日祝休み！,未経験からスタートOK！【営業アシスタント】☆月収50万円も可！ 正社員,正社員,
357,和光建物総合管理株式会社,【マンション管理フロント】中途入社100％！人生経験を生かせる 正社員,正社員,
358,株式会社オーテックプラス | 手当充実／月給25万円以上＋賞与年2回／原則定時退社／家賃補助,新築住宅の【電気工事スタッフ】20代で、年収800万円以上も可！ 正社員,正社員,450万円～600万円
359,大津紙運輸株式会社 | 【大津板紙株式会社の子会社】★資格は会社全額負担で取得OK,力仕事ほぼなし！将来性抜群の【倉庫管理】※賞与4ヶ月分 正社員,正社員,370万円～440万円
360,株式会社ブルーム | ☆最大8連休の長期休暇あり☆嬉しい毎月のインセン＆報奨金あり,未経験歓迎！【エステティシャン】★日曜定休★残業ほぼナシ 正社員,正社員,300万円～360万円
361,昭和エンジニアリング株式会社 | 【幅広い年代が多数活躍中！】※大阪府緊急雇用対策に賛同,月給50万円以上を保証！【土木施工管理】※NEXCOや国交省と取引 契約社員,契約社員,600万円～1080万円
362,岩間電設株式会社 | 【人柄重視で採用します】★転職回数不問 ★住宅/家族手当あり,【電気工事士】★未経験OK 社会人デビューも◎ 一から丁寧に育成 正社員,正社員,360万円～600万円
363,株式会社シュテルン品川 | MBSC優秀賞を多数受賞／正規販売店でトップクラスの待遇と実績,メルセデス・ベンツの【セールススタッフ】※自動車業界未経験OK 正社員,正社員,400万円～1000万円
364,タウンクロス株式会社 | 賞与5～6か月支給実績あり！★12年連続増収増益の安定基盤★,【営業】未経験でもOK！100%人物採用です◎月給25万円～の好待遇 正社員,正社員,350万円～450万円
365,株式会社ルクス | コロナ禍でも急成長の業界/実力次第で高収入/20～30代活躍中,リスティング・WEB広告担当者求ム【WEBマーケティング】未経験OK 正社員,正社員,
366,株式会社ケイエスケイ,ニーズ＆成約率の高い【人材系営業】／完週休2日（土日）＋祝休 正社員,正社員,300万円～500万円
367,株式会社ショウエー設計測量事務所 | 昭和46年創立,【建築測量(墨出し)】高収入を目指せる会社/入社祝い金5万円支給 正社員,正社員,
368,株式会社相馬 | 大手ゼネコンと直接取引あり安定企業＊コロナ禍も関係なし,社用iPadでスイスイ仕事が進む♪【現場管理】年収700万円も可 正社員,正社員,350万円～700万円
369,株式会社ニューアート・シーマ | 日本最大級のダイヤモンド専門店『銀座ダイヤモンドシライシ』,東北募集／ブライダルジュエリーの【コンシェルジュ】※未経験可 正社員,正社員,
370,廣見家具株式会社 | 【大阪府緊急雇用対策に賛同】和歌山・大阪募集／20～30代活躍中,家具のトータルコーディネートを提案！【販売スタッフ】経験不問 正社員,正社員,270万円～400万円
371,株式会社九神ファームめむろ | 農業王国めむろで”のびのび”と働ける環境です！女性活躍中♪,「 家庭の食卓 」を支える♪【 障がい者支援スタッフ 】 正社員,正社員,300万円～500万円
372,伸栄電機株式会社 | 【大阪府緊急雇用対策に賛同】大手企業や官公庁と取引実績多数,未経験でも月給30万円～！高収入も叶う【電気工事士】☆転勤なし 正社員,正社員,
373,株式会社エル光源 | 官公庁や大手企業からの直請け多数｜高い技術力で業界をリード,【設計エンジニア】原則定時退社／土日祝休／高収入／転勤なし 正社員,正社員,420万円～720万円
374,有限会社東栄空調 | ＜ もっと快適な毎日を♪＞ 技術光る／大規模空調設備の実績豊富,働きやすさが一味違う！【設備工事】★UIターン歓迎/WEB面接OK★ 正社員,正社員,
375,株式会社ベルハウス | 17年連続で増収増益！安定感は抜群 ★駅徒歩1分の好立地,【不動産営業】★完全週休2日制・未経験から年収800万円以上も！ 正社員,正社員,550万円～800万円
376,希光建設株式会社 | 高収入も実現！年収例800万円/経験5年〈 入社祝い金10万円支給〉,総合建設業【土木・建築施工管理】★経験者積極採用★年齢不問 正社員,正社員,450万円～800万円
377,恵豊自動車交通株式会社 | 11年連続業界No.1日本交通グループ／創業90年／安定企業,年収890万円も目指せる！【JPNドライバー】入社祝金10万円！ 正社員,正社員,320万円～400万円
378,株式会社西田防災 | <未経験歓迎>残業少なめ＆時差出勤あり／リフレッシュ休暇あり,防災設備の【メンテナンススタッフ】★意欲・ポテンシャル重視！ 正社員,正社員,324万円～360万円
379,三和ペイント株式会社 | ☆先輩社員のほとんどが年収UP！裁量大きく活躍可！☆全国募集,コロナ禍でも減給＆解雇ゼロ！塗装の【営業職】☆未経験歓迎！ 正社員,正社員,
380,株式会社沖縄ユーポス | 【 ユーポスグループ 】20代の若手社員が続々と入社しています,原則残業なし★働きやすい環境・高収入が手に入る！【 営業職 】 正社員,正社員,
381,株式会社鶴電工業 | 大型風力発電所や大規模メガソーラーの建設に携わる全国有数企業,即戦力採用・経験者優遇【土木施工管理技士】★20~50代が活躍中 正社員,正社員,500万円～650万円
382,株式会社晃和コンサルタント | 【移住支援金対象求人(宮崎)】　宮崎で業界トップクラスの実績,【建設コンサルタント】★年間休日120日以上★土日祝休み 正社員,正社員,
383,ヤオキ商事株式会社,販売は外注して仕入れに専念！だから稼げる【営業(用地仕入)】 正社員,正社員,
384,株式会社ツイテルホーム | WEB面接も実施中｜平均月収30万円｜ノルマなし｜有給取得を推奨,お金を払う営業！【リサイクル営業】★未経験でも高収入GET★ 正社員,正社員,350万円～600万円
385,株式会社ハイファイブ | 産育休の取得実績あり／時短勤務OK／大阪府緊急雇用対策に賛同,未経験でも月給25万円～【企画・案内スタッフ】 ★残業月平均15H 正社員,正社員,300万円～400万円
386,株式会社Flawless | 充実の研修で未経験も安心スタート◎20代30代の男性活躍中！,【鑑定スタッフ】★昇格チャンス多数！ ★平均月収50万円 正社員,正社員,450万円～700万円
387,株式会社ドリームジャック | 【売上155％増で拡大中】★土日祝休み ★残業月10ｈ程度,【開発エンジニア(IT・Web)】あなたの理想を応援！★副業もOK 正社員,正社員,420万円～600万円
388,株式会社崎山組 | 資格取得すれば月収60万円も可能！コロナの影響を受けず業績好調,【機械オペレーター】☆高収入！1回の賞与で100万円の実績あり 正社員,正社員,300万円～600万円
389,"中村総業株式会社 | ★豊橋市,水道局,大手ハウスメーカーと取引 ★賞与年2＋決算賞与",”機械化できない仕事”に挑戦【現場管理スタッフ】★土日祝休み 正社員,正社員,400万円～650万円
390,中西不動産株式会社 | 地域最大級の物件情報を保有！地域密着で長いお付き合いが可能！,"＼稼ぎたい方必見！／年収1,000万円以上も可能◎【不動産営業】 正社員",正社員,300万円～1000万円
391,株式会社建築資料研究社 | 景気に左右されない！資格系スクール「日建学院」を運営,宮崎限定募集【総合職(資格取得アドバイザー・システム営業)】 正社員,正社員,350万円～550万円
392,株式会社トラスト不動産 | 【ハウスドゥ北大路大宮店】6月OPEN！決算賞与あり！公休は110日,不動産業界経験が活かせる【不動産営業】研修充実！オープニング 正社員,正社員,400万円～800万円
393,東葉技建株式会社 | 《WEB面接OK》頑張りは賞与で還元、年収1000万円超え多数在籍中,前給考慮＊月給28万円～【建築施工管理】賞与実績6ヵ月支給！ 正社員,正社員,600万円～1000万円
394,株式会社丸井工文社 | <創業70年の老舗印刷会社>官公庁・大手出版社・教育機関と直取引,未経験から始める【ルート営業】★飛び込み・ノルマなし 正社員,正社員,300万円～400万円
395,イオングリーン電力株式会社 | ★新拠点の立ち上げに携わるチャンスも★ 平均月収50万円,月給30.5万円以上★未経験OK【 営業マネージャー(管理責任者) 】 正社員,正社員,400万円～600万円
396,株式会社RASTAQ | IKEAやイトーヨーカドーなどの看板施工を数多く手掛けています,街を彩る大型広告の【 取り付けスタッフ 】*20代の若手社員多数 正社員,正社員,
397,株式会社GoodWorkJapan | 年間休日125日以上/完全週休2日制/20代～30代活躍中！,月給28万円以上保証★残業少なめ★営業経験者募集★【法人営業】 正社員,正社員,430万円～650万円
398,株式会社アライブインテリア | 【元請け：森ビル案件9割】★残業月25h程度★資格取得支援が充実,＼育成枠＝未経験でOK／【内装施工管理】★面接確約★土日祝休み 正社員,正社員,300万円～450万円
399,株式会社ボンドエステート | ー★がっつり稼ぐかプライベート重視か両立か…選べる働き方★ー,不動産物件の仕入れ業務を行う【営業】＊残業ほぼ0＊土日祝休み 正社員,正社員,300万円～1200万円
400,旭紙工株式会社 | 月給25万円~+賞与5ヶ月/基本定時退社/大阪府緊急雇用対策に賛同,未経験歓迎！花束やラッピングに使われる紙の【製造スタッフ】 正社員,正社員,
401,有限会社新潟機械商行 | ★社用車貸与＆ガソリンカード支給★長期1週間ほどの休暇もOK★,【進行管理スタッフ】未経験でも月給25万円スタート★年113日休 正社員,正社員,375万円～500万円
402,株式会社L.I.G | 反響は毎月200件以上！歩合率最高33％で、無理なく高収入をGET◎,月収50万円越えのママさんも活躍中♪【ルームアドバイザー】 正社員,正社員,
403,株式会社ISM | 続々と新規出店中！ 首都圏を中心に6店舗運営、展開中！,レジャーホテル【店舗運営スタッフ】月給30万円～／残業10H以内 正社員,正社員,350万円～450万円
404,株式会社エイトハウジング | WEB面接実施中★有給取得推奨★大阪府緊急雇用対策に賛同,＼未経験デビューを応援／【アドバイザー】※土日祝休・定時退社 正社員,正社員,400万円～800万円
405,東京海上日動あんしん生命保険株式会社 | 東京海上ホールディングス株式会社100%出資企業,【ライフパートナー】未経験歓迎・正社員・月給30～60万スタート 正社員,正社員,360万円～2000万円
406,株式会社トリックトラック | 完全週休2日制・土日祝休み・年間休日120日以上,Web広告のプロを募集！ 【総合職（広告運用or記事ライター）】 正社員,正社員,350万円～550万円
407,株式会社和幸 | 【 月6万円で住める？！ 】話題のローコストでお洒落な家WOODBOX,【 提案プランナー 】未経験OK＊女性活躍中＊年収500万円以上可 正社員,正社員,400万円～600万円
408,株式会社四国軽貨物 | 東京支店・登録無料・日払いOK・リース車両2ヶ月無料・車検無料,【軽貨物ドライバー】湾岸エリアの案件充実！70万円以上も可能！ 業務委託,業務委託,360万円～1000万円
409,株式会社fosbury | 【ベストベンチャー100選出企業】#コロナ禍でも連続増収増益中！,公的機関主催の超大型イベントも手がける【イベントプランナー】 正社員,正社員,300万円～500万円
410,株式会社小宮測量 | メチャ稼げる♪1日あたり11000円以上だから⇒日給月給28.6万円～,転勤ないから、ずっと仙台！【計測アシスタント】残業ほぼなし 正社員,正社員,300万円～400万円
411,株式会社シティ・ハウジング | 【創業37年／地域密着型】週休2日制 ★ 基本定時退社(残業月10h),未経験OK！【ルームアドバイザー】★月給26万円~ ★100%反響型 正社員,正社員,350万円～500万円
412,メットライフ生命保険株式会社 | 大阪第一エイジェンシーオフィス｜年間休日121日＆賞与年4回,やりがいと報酬の双方を突き詰められる【コンサルティング営業】 正社員,正社員,350万円～600万円
413,株式会社コンセプト | 競馬関連のプロモーションを担う制作会社 ◎WEB面接1回のみ！,DMや新聞広告の【制作スタッフ】★未経験者も月給30万スタート！ 正社員,正社員,360万円～450万円
414,株式会社新井組 | 主要4地方整備局で令和元年度 工事成績優秀企業認定(国土交通省),【土木施工管理】★完全週休2日／ノー残業デーあり 正社員,正社員,400万円～700万円
415,株式会社sizebook | 業界高水準の待遇★月25万～★完休2日★土日祝休★第二新卒歓迎,WEB広告の【ライター】★未経験歓迎★年収1000万円稼ぐ先輩も！ 正社員,正社員,300万円～800万円
416,株式会社ファーストライズ | 9年連続で業績UP／コロナ禍でも変わらずニーズがある安定企業★,メディア注目の企業で活躍【営業】※土日祝休み・未経験歓迎！ 正社員,正社員,360万円～700万円
417,ウェルビー株式会社 | 【東証一部上場企業で資格を活かして高収入へ】★年休120日以上,残業月10h*月27万円～*早期昇格あり【福祉系総合職(PT/OT/ST)】 正社員,正社員,330万円～450万円
418,株式会社スカーラサポート | 《面接1回》《社員の9割が月給30万円以上実現》《普通免許でOK》,【レッカーサービススタッフ】◎年齢不問 ◎福岡限定募集 正社員,正社員,350万円～600万円
419,株式会社Miss WH | ◆完全週休2日制（土日祝）◆未経験スタートでも月給28万円,女性向けプロモーションの【企画営業】 ◆業界未経験者歓迎 正社員,正社員,350万円～800万円
420,ウェルビー株式会社 | 【東証一部上場企業で資格を活かして高収入へ】★年休120日以上,残業10h*月27万円～【専門サポート員(公認心理師/臨床心理士)】 正社員,正社員,330万円～450万円
421,株式会社グローバルサポート | 【インセンティブ月平均15万円／50万円稼ぐ先輩も！】※副業OK！,未経験歓迎！インセンティブで高収入【反響営業】完全週休2日制 正社員,正社員,
422,写測エンジニアリング株式会社 | 案件は100％公共事業の安定企業■大阪府緊急雇用対策に賛同,街並みを彩る【土木設計】未経験歓迎／残業少なめ／賞与年3回 正社員,正社員,350万円～550万円
423,株式会社太田興産 | JASDAQ上場（株）ジェーソンの持株会社◆銀座4丁目の自社ビル！,【設備管理】★自社が所有する不動産の設備管理～マネジメント★ 正社員,正社員,
424,東陽設備工業株式会社 | 設立57年/大手ゼネコン取引あり/年収700万円を目指せる！面接1回,＼月給25万円～45万円スタート／【施工管理】原則土日祝休 正社員,正社員,300万円～600万円
425,株式会社三木森 | 電化製品や化粧品等の日本製品を大手ECサイトや海外で販売,【海外営業】リーダー候補・チームメンバー/新たな販路開拓を！ 正社員,正社員,350万円～600万円
426,株式会社マツミ | フランク&自由な社風で、誰よりも楽しく働きたいなら当社一択！,★未経験OK！【総合職(カーコンシェルジュ／査定アドバイザー)】 正社員,正社員,300万円～600万円
427,株式会社モトーレン青森 | ≪人物重視の採用！≫ 入社後に車を買う必要はありません,未経験歓迎【 営業スタッフ 】☆異業種からのスタートも多数！！ 正社員,正社員,280万円～500万円
428,日本リアライズ株式会社 | ライフプランを提案する営業で年商数十億円を実現◎未経験OK,＜茨城募集＞稼げる環境とフォロー体制で一流に成長【企画営業】 正社員,正社員,350万円～1500万円
429,株式会社ワイズ高橋 | 業界でも珍しい、弊社ならではの買取職にご注目！退職金制度あり,＊本当にノルマなし＊ 高級輸入車店の【総合職(営業・買取)】 正社員,正社員,
430,株式会社アプローズ不動産販売 | ★年収1000万円以上も可能★完全週休2日制,新事業のスタートメンバー！100％反響型【営業（幹部候補）】 正社員,正社員,480万円～840万円
431,三栄工業株式会社 | 創業64年！60歳以上の社員も活躍中★長く働ける会社です！,沖縄の街づくりに協力してくれませんか？【 技術スタッフ 】 正社員,正社員,
432,株式会社アクト | ＼賞与は4～5ヶ月分を支給／残業は月平均10時間ほどです,道路や河川などの社会インフラに関わる【施工管理】★年休113日 正社員,正社員,350万円～500万円
433,日本フォーミング株式会社 | ◆基本土日祝休み◆ほぼ定時退社 ◎未経験大歓迎！,【本社営業事務職】付き合いのあるお客様との橋渡し役をお任せ！ 正社員,正社員,300万円～400万円
434,株式会社Ｃ－スピリット,【軽貨物配送ドライバー】◆経験者歓迎／年収100万円も可能！ 業務委託,業務委託,
435,株式会社HG・ロジック | |.. 大型免許　平均月収40万円 ..| | 夜間走行なし／未経験歓迎,【回収ドライバー】★長距離なし ★普通免許OK ★30代活躍中！ 正社員,正社員,400万円～450万円
436,豊中機工株式会社 | ゴルフ場用芝刈り機などを取り扱う専門商社/土日祝休/年休125日,機械好きの方歓迎！芝刈り機の【メンテナンススタッフ】土日祝休 正社員,正社員,
437,株式会社リレーション | ■完全土日休み■未経験でも月給24万円～■駅チカオフィスで快適,【営業】話題の投資不動産！◇未経験者歓迎 ◇転勤なし 正社員,正社員,
438,臨海建設株式会社 | ＼公共案件100％／総合土木業として愛媛に貢献！＜面接1回のみ＞,初年度年収500万円以上目指せる！【土木施工管理】※転勤なし 正社員,正社員,390万円～520万円
439,株式会社カークレド | 【東証一部上場企業「プロトコーポレーション」グループ】,【バイク鑑定師】バイク好きで免許さえあれば、経験一切不問！ 正社員,正社員,270万円～450万円
440,大仲金属株式会社 | (ダイナカキンゾク) 原料となる”鉛”を製造◆完全週休2日(土日),【 設備管理スタッフ 】未経験歓迎★完全週休2日/平均月収35万円 正社員,正社員,350万円～500万円
441,株式会社ライフ鑑定調査事務所 | 【レピオグループ】★毎月・半期毎の歩合と年2回賞与あり,未経験から始める【現地調査員・鑑定士】＊月給25万円以上～ 正社員,正社員,400万円～600万円
442,株式会社family | ★高卒・中卒からでも高収入が目指せるフィールド,経産省認可!即決契約率80％以上を誇る【電子ブレーカーの営業】 正社員,正社員,450万円～1500万円
443,有限会社共栄シャッター | *年休120日以上 *完全週休2日 *残業ほぼなし *資格支援あり,【メンテナンススタッフ】*未経験でも月給24万円以上*20代活躍中 正社員,正社員,300万円～500万円
444,日本アドバンス株式会社 | ■転勤なし ■完全週休2日制 ■高収入獲得可能！■残業少なめ,商品の魅力をお客様へ【 エコ商品コンシェルジュ 】未経験歓迎 正社員,正社員,
445,株式会社ケーシーエス | 未経験OK/転勤なし/普通免許のみで応募OK/完週休2日の働き方も可,＼月収45万円も可能！／【総合職(ドライバー・メンテナンス)】 正社員,正社員,
446,FlipNine株式会社 | Instagram・YouTube・Googleなど手法は様々★インセンティブ有,★SNS等を利用した【コンサルティング営業】◎リモートワーク可 正社員,正社員,300万円～1200万円
447,株式会社ティ・ユー・メタル | 【 業績安定 】” 地元でずっと働く ” が叶う場所。,＊未経験歓迎＊【 作業スタッフ 】土日休み／平均月収30万円～ 正社員,正社員,300万円～500万円
448,株式会社真栄工業 | 建築の基礎を築くプロフェッショナル＊大阪府緊急雇用対策に賛同,未経験スタート歓迎！【総合職（技術・事務）】★高収入可能 正社員,正社員,
449,株式会社Tnor | ★入社1年目から月収30万円も可能！／大阪府緊急雇用対策に賛同,成長企業の【技術スタッフ】基本定時退社／賞与3ヶ月／未経験OK 正社員,正社員,380万円～600万円
450,東京・日本交通株式会社 | タクシー業界売上No.1グループ【大阪府緊急雇用対策に賛同】,報酬・働き方・車両すべてがスマートな【高槻のタクシー乗務員】 正社員,正社員,350万円～650万円
451,株式会社電究社 | マリノアシティ、西新プラリバ、MARK ISももち等の実績多数！,半期のボーナスで100万円。十分に狙えます。【 電気施工管理 】 正社員,正社員,340万円～700万円
452,株式会社エコプラ | 【 業績好調の安定企業 】■月給25万円以上 ■土日祝休み,【 営業・工程管理 】■未経験者歓迎 ■年間休日120日 正社員,正社員,
453,株式会社トラストアライアンス | #30代活躍中 #業界最高水準の歩合率 #一年以内に昇格も可能,【不動産営業】★月300万円以上のインセンティブ支給実績あり 正社員,正社員,350万円～1000万円
454,住友生命保険相互会社 | 〈都北支社 新成増支部〉4月開設の新オフィス！★年休120日以上,未経験でも安心デビュー♪【ライフデザイナー】★土日祝休み 正社員,正社員,
455,大賀建設株式会社 | ★努力や成果を正当評価で収入に反映！年収1千万円超の実績あり,《完全反響対応》フルオーダー「アルネットホーム」の【営業職】 正社員,正社員,
456,株式会社ONE | ◆月給30万円＆インセンティブで高収入 ◆面接時の交通費支給,成約率が魅力！未経験のアナタもできる【買取営業】完全土日休み 正社員,正社員,420万円～500万円
457,株式会社ヤマキ | #移転したばかりのNEWオフィス#資格手当充実 #毎年昇給#定着度高,バツグンの待遇や環境で働ける！【総合職(電気工事・施工管理)】 正社員,正社員,400万円～650万円
458,"第一交通株式会社 | 【上場企業""第一交通産業グループ""】年収450万円以上も可能",ミッション！アプリを駆使し【タクシードライバー】を攻略せよ 正社員,正社員,
459,"アークネット株式会社 | 「やる気スイッチ」のスクールIE,英会話スクール「WinBe」を運営",【教室長】★授業担当なし★優秀教室賞受賞×9月に新校舎OPEN 正社員,正社員,350万円～450万円
460,株式会社ＩＢＪ | 【東証一部上場企業】◆年休124日◆完全週休2日(土日祝),婚活相談所の【開業営業】★名古屋限定募集／転勤なし★ 正社員,正社員,430万円～850万円
461,株式会社大軌 | 月収32万円以上を目指せる／賞与3回／大阪府緊急雇用対策に賛同,JRのパートナー企業！線路の【保守・メンテナンス】未経験歓迎！ 正社員,正社員,400万円～600万円
462,丸和運送株式会社 | 年商1000億円超の安定企業「児湯食鳥グループ」★平均月収35万円,働きやすさ満載 × 超安定収入【大型ドライバー】時短勤務あり♪ 正社員,正社員,
463,株式会社札幌解体建設 | 転勤なし／電話問い合わせもOK！ ⇒ TEL／011-865-6060,月収24万円以上も可！【総合職（作業員／重機オペ／施工管理）】 正社員,正社員,330万円～400万円
464,株式会社CBSエージェント | ケラー・ウィリアムズ 神戸,副業・兼業OK【不動産エージェント】年収1500万円も可能！ 業務委託,業務委託,
465,アジア熱処理技研株式会社 | 栃木工場　製造業が初めてという方も歓迎します！,年間休日は140日以上！オフが充実できる【製造職】★未経験OK 正社員,正社員,
466,MIGホールディングス株式会社,駅ナカ、商業施設でのスイーツ販売だけで高収益！【FCオーナー】 FCオーナー,FCオーナー,
467,キユーソーサービス株式会社 | ☆キユーソー流通システムグループ☆東証一部上場の100％出資！,【施工管理】★東証一部上場企業グループ★前職給与を考慮します 正社員,正社員,350万円～700万円
468,有限会社クイック | ＼ 年間休日125日 ／ 働きやすさは県内トップクラスです！,仕事だって楽しまないと♪【 広告企画営業 】転勤なし★ 正社員,正社員,
469,株式会社晃技開発 | 官公庁とも取引★昇給＋賞与年2回【大阪府緊急雇用対策に賛同】,"【営業スタッフ】★残業ほぼなし ★年収1,000万円も目指せる！ 正社員",正社員,360万円～2000万円
470,三菱電機システムサービス株式会社,【サービスエンジニア】業務委託／全国各地 業務委託,業務委託,
471,株式会社ダイヤス食品 | 【設立42年】企業や官公庁を中心にお弁当の製造・販売,最高の環境でふるさとの味を提供！【調理スタッフ】★定時16時 正社員,正社員,
472,株式会社ウッドヴェル | ＼ 成長著しいベンチャー企業で活躍！ ／ ☆男女ともに活躍中！,【 営業スタッフ 】高収入が叶う！★沖縄はオープニング募集★ 正社員,正社員,
473,三紀運輸株式会社 | 【三紀グループ】◎電話での問い合わせも歓迎 ⇒ 086-296-0909,"賞与年""3回""で収入UP【配送ドライバー】※未経験OK／残業20h以下 正社員",正社員,350万円～500万円
474,誠和梱枹運輸株式会社 | 設立51年目の安定企業《 TEL問合せOK ⇒ 086-456-6100 》,★社員の平均月収40万円越え！【大型ドライバー】☆年休110日 正社員,正社員,360万円～600万円
475,株式会社Sigma,未経験OK【バイヤー／鑑定士】として買取業務を行う正社員急募！ 正社員,正社員,300万円～600万円
476,株式会社ライフスタイル | ★祝い金10万円プレゼント！レンタル車両あり★未経験歓迎,【軽車両ドライバー】社宅完備！月収80万以上可！土日祝休みOK！ 業務委託,業務委託,350万円～1500万円
477,社会福祉法人湖星会 | ★2022年3月開設！特別養護老人ホームラスール苗穂リバーサイド,＼オープニング採用！／介護施設の【サービススタッフ】未経験OK 正社員,正社員,250万円～450万円
478,株式会社マイナビミドルシニア | マイナビ ミドルシニア　人材紹介サービス,【施工管理（建築・土木・電気）】経験を評価。次代へ繋ぐ仕事。 人材バンク登録,人材バンク登録,600万円～1400万円
479,想いコーポレーション株式会社 | 終活サービスに特化し、全国各地で信頼を築いている会社です！,終活の【アドバイザー】◆残業一切なし！未経験者歓迎！高収入可 正社員,正社員,300万円～1200万円
480,株式会社グロリアース | ★転職回数・マネジメント不問　★業績好調！環境事業で成長中,月収100万円もめずらしくない！稼げる【営業】★経験者限定 正社員,正社員,
481,株式会社アイヴィジット,オープニング♪ノルマなし★大手通信サービスの【ルート営業】 契約社員,契約社員,
482,株式会社CAI | 武田塾を全国で運営／転居を伴う転勤ナシ,★第二新卒歓迎【教室運営スタッフ】授業をしない塾 武田塾！ 正社員,正社員,
483,株式会社マイナビミドルシニア | マイナビ ミドルシニア　人材紹介サービス,【経理(財務・会計)】自分がなりたい経理を目指す★高収入も可能 人材バンク登録,人材バンク登録,350万円～800万円
484,新日本リース株式会社 | 新日本グループの安定性あり◆経験を活かし腰を据えて働ける！,ゆくゆくは月収40万円～も現実的【フォークリフトオペレーター】 正社員,正社員,300万円～450万円
485,有限会社福岡紙業 | #シフトによる週休2日制#土日も交代で休める#賞与年2回,未経験歓迎!月収40万円以上が目指せる【ドライバー/工場内作業】 正社員,正社員,300万円～450万円
486,株式会社日本セイユ― | 残業少なめ／寮完備で即入居OK／日・隔土休み,～50代の新入社員も活躍中～【反響営業】◎平均月収48万円 正社員,正社員,300万円～600万円
487,株式会社GLOBAL BEAUTY | 完休2日★不動産・美容・飲食…多数展開のGLOBAL HOLDINGS GROUP,【店舗管理】★中核の不動産業好調につき、博多西中州に新店OPEN 正社員,正社員,500万円～850万円
488,入江運輸倉庫株式会社 | 日勤のみ／大阪府緊急雇用対策に賛同／8tドライバー,近距離中心の【配送ドライバー】※月収35万円以上も可／土日祝休 正社員,正社員,350万円～500万円
489,株式会社ジェイエムエー | 採用祝い金あり/前払いOK/レンタル車あり☆応募者全員面接！,【配送ドライバー】保険・年金加入可能★自由な働き方が出来る◎ 業務委託,業務委託,500万円～750万円
490,リベストホーム株式会社 | 固定月給で安心♪インセンティブ上限なし/入社1ヶ月の取得実績有,★未経験でも25万円～を保証！リフォーム会社の【エージェント】 正社員,正社員,450万円～600万円
491,株式会社シーテック | ＼＊原則転勤なし＊無理なく働ける！／……★年齢不問の求人★,中部電力グループの【 施工管理 】*残業月平均24H／年休126日 契約社員,契約社員,500万円～700万円
492,株式会社ニューアート・シーマ | 日本最大級のダイヤモンド専門店『銀座ダイヤモンドシライシ』,青森オープニング採用！【販売スタッフ】★20代女性活躍中 正社員,正社員,
493,住井運輸株式会社 | 条件を満たす応募者全員と面接確約/若手積極採用/完全週休2日制,【港湾荷役】入社2年目、26歳で月収39.5万円の先輩もいます！ 正社員,正社員,
494,株式会社藤井運送 | ◆創業60年以上の安定企業＜1年目で月収32.5万円の社員も！＞,オフも充実♪【ドライバー(4t/10t/トレーラー)】◆経験者歓迎！ 正社員,正社員,
495,住友ゴム工業株式会社 | 「DUNLOP」「FALKEN」など国内有数のタイヤメーカー,◎東証一部上場企業【自動車用タイヤの製造スタッフ】月7-9日休 契約社員,契約社員,300万円～360万円
496,株式会社大平基礎 | 17時には工事終了。残業少なめで月収26万円以上も目指せます！,充実の手当アリ&高収入も目指せる【機械オペレーター】*未経験OK 正社員,正社員,
497,有限会社エフクラス | <全国から応募歓迎>未経験OK/完全週休2日/残業少なめ/ノルマなし,アウトドア好きの心をくすぐる軽トラック等を提案！【反響営業】 正社員,正社員,
498,株式会社シーエイチアイ | WEB販促や各種コンテンツ提供などを通し、歯科の経営をサポート,【広報・事務スタッフ】＊マネージャー候補募集！早期抜擢も！ 正社員,正社員,300万円～500万円
499,株式会社アルファ工業 | ■大同特殊鋼グループ指定協力会社,★入社1年目から高収入を目指せる【生産スタッフ】＊転勤無し＊ 正社員,正社員,315万円～400万円
500,株式会社ロンコ・ジャパン | 【ロジスティクス・派遣など多様な事業を展開】福利厚生も充実,【運行管理】 ※学歴不問／月給30万円以上　◎広島限定採用 正社員,正社員,450万円～600万円
501,株式会社Markus | ＜4期目を迎え、事業拡大中＞20～30代活躍中!/経験不問/裁量大◎,【不動産営業】★幹部候補募集★4期目のスタートアップ企業へ！ 正社員,正社員,
502,株式会社ロンコ・ジャパン | 【大手企業との取引で安定成長！】※広島限定募集,【ドライバー】月給30万円以上&賞与年3回　※年齢不問 正社員,正社員,450万円～600万円
503,吉田熱処理工業株式会社 | 足利工場　製造業が初めてという方も歓迎します！,年間休日は140日以上！オフが充実できる【製造職】★未経験OK 正社員,正社員,
504,株式会社さくら住宅 | 日本でいちばん大切にしたい会社に選出★地域に密着して働ける,お客様に寄り添える【リフォームアドバイザー】★未経験大歓迎！ 正社員,正社員,370万円～500万円
505,株式会社福コンサルタント | 土日祝休み／住宅手当／残業なし／高収入／面接1回／副業可,公共工事の【施工管理／点検管理】年休126日★年収600万円以上可 正社員,正社員,540万円～800万円
506,株式会社ホームケアサービス山口 | #福利厚生抜群　#業界随一の賞与　#資格取得をサポート,福祉用具の【ルート営業】◇ノルマなし　◇未経験から育成します 正社員,正社員,
507,株式会社城西自動車学校 | ＜利便性◎＞愛媛県を代表する、中心部に位置する好立地の教習場,自動車学校の【教習指導員】待遇＋制度＋やりがいに満足度◎ 正社員,正社員,
508,株式会社 一誠通商 | 調査から任されるから高収益・高収入※大阪府緊急雇用対策に賛同,給排水設備工事の【管理スタッフ】※工事/進捗管理/顧客折衝など 正社員,正社員,350万円～650万円
509,日化設備工業株式会社,【現場監督（衛生・空調）】キャリアを活かす！月給40万円以上 正社員,正社員,
510,大阪圧搾コルク株式会社 | 【大阪府緊急雇用対策に賛同】未経験スタートでも高収入を実現！,【総合職(機械オペレーター・品質管理・生産管理)】有休消化率◎ 正社員,正社員,350万円～500万円
511,株式会社レソリューション | 自動車業界人材会社業績No.1,【総合職】安定の自動車業界で働く！整備士・事務・サービス 正社員,正社員,300万円～600万円
512,株式会社レソリューション | 自動車業界人材会社業績No.1,【整備士・フロント・受付】完全週休2日、残業ナシの案件多数！ 正社員,正社員,300万円～600万円
513,鶴信運輸株式会社 | 最近も未経験から20・30代の社員が入社★1年目で月収40万円可能,未経験OK【 4t・10tドライバー 】◎大型免許取得支援あり 正社員,正社員,350万円～600万円
514,新中央航空株式会社 | ＜創業43年。伊豆諸島の島民のくらしを支える航空会社です！＞,航空会社での【総合職(営業管理・総務)】※未経験歓迎！ 正社員,正社員,250万円～500万円
515,株式会社トラスト | 《 残業少なめ！ 》家づくりの”土台”となる基礎工事を担う！,【 作業スタッフ 】★20代で月収40万円(年収600万円)の社員も！ 正社員,正社員,
516,朝日エンタープライズ株式会社 | ―― 安全施設／遊具／体育施設の販売・施工を担う会社 ――,【 施工スタッフ 】未経験OK／年齢不問／完全週休2日制★ 正社員,正社員,
517,札幌北交ハイヤー株式会社 | 免許取得～独り立ち後まで全面サポート／経験者はしっかり稼げる,タクシーに乗ってみませんか？【タクシー乗務員】＼経験不問！／ 正社員,正社員,250万円～500万円
518,法成寺運輸株式会社 | 最近も未経験から20・30代の社員が入社★1年目で月収40万円可能,未経験OK【 4t・10tドライバー 】◎大型免許取得支援あり 正社員,正社員,350万円～600万円
519,有限会社西川塗装店 | コロナにも負けない安定企業　★昨年の賞与実績は最大400万円！,安心して長く働ける【施工管理】★転勤なし・社員の定着率も◎ 正社員,正社員,400万円～600万円
520,苫小牧保険設計株式会社 | 面接1回のみ/最初の1年間はじっくり研修/新規営業は紹介からのみ,新規は紹介からのみ/既存客の引継ぎから【 提案営業 】年休128日 正社員,正社員,
521,北摂工業株式会社 | #完全週休2日制で残業は少なめ #賞与年2回 ⇒ 前年度実績4ヶ月分,ロボットや自動車部品を作る【製造スタッフ】未経験OK/年休120日 正社員,正社員,
522,株式会社ファイブスプリングス | 完全週休2日制（土日祝休み）・年休125日・リモートワークOK,ECサイト運営の【カスタマーサポート】★月給30万円～★ 正社員,正社員,360万円～700万円
523,株式会社全国健康センター | 創業50余年！安定した企業で、これまでの経験を活かしませんか？,紙媒体がメイン！【グラフィックデザイナー】※経験者募集 正社員,正社員,
524,ラッキー自動車株式会社 | 【 配属後6ヶ月は月給25万円の給与保障 】勤務スタイルを選べる,未経験スタート大歓迎【タクシー乗務員】■高収入も目指せます！ 正社員,正社員,
525,株式会社富士鳩急送 | ◆賞与年2回 　◆転勤なし！ ◆月収40万円も可能です！！,好きを仕事に！高収入GETも！【ドライバー】※女性活躍中♪ 正社員,正社員,
526,株式会社全国健康センター | 創業50余年！安定した企業で、これまでの経験を活かしませんか？,【ECサイト運営スタッフ】※あなたのアイディアを活かせます！ 正社員,正社員,
527,グローバルハウジング株式会社 | 6月に横浜支店OPEN★「GLOBAL HOLDINGS GROUP」のグループ企業,宅建事務を担当する【業務スタッフ】完休2日・月給30万円～ 正社員,正社員,400万円～800万円
528,中山信幸税理士事務所 | 北浦和駅より徒歩4分の好立地＊3年間退職者なし＊基本土日休み,☆月給25万円～☆賞与年3回☆年間休日124日の【税理士補助】 正社員,正社員,300万円～450万円
529,ONODA株式会社 | ★皇居を望む見晴らし抜群のオフィス！★週休2日制（土・日）,途上国のインフラ整備に貢献する【海外営業】海外出張/駐在あり 正社員,正社員,
530,リコーテック株式会社 | ＼女性のおしごと掲載中♪／★転勤ナシ★昼食手当・職能手当あり,★年間休日120日以上【営業職】丁寧な研修あり！未経験者も安心 正社員,正社員,252万円～400万円
531,鹿児島第一交通株式会社 | ★★電話問い合わせでもよかど／TEL:099-286-5200★★,自由に働ける職場やっでん、わっぜよかど【タクシードライバー】 正社員,正社員,
532,株式会社ONE | ◆月給30万円以上 ◆髪型・髪色など自由 ◆面接時の交通費支給,未経験も大歓迎！ノルマなし【コールスタッフ】◎完全土日祝休み 正社員,正社員,
533,アサヒ鐵鋼販売株式会社 | 【完全週休2～3日のレア求人】★掲載終了間近★8/26〆切,博多エリア勤務&最寄り駅徒歩3分の好立地★【CAD事務】 契約社員,契約社員,
534,株式会社マイナビM＆A | 安定企業のマイナビグループで成長できる！事業承継問題を解決,【M＆Aコンサルタント】年間休日126日以上★土日祝休み★ 正社員,正社員,446万円～501万円
535,株式会社マイプレイス | 東証二部上場の株式会社あかつき本社のグループ会社,ファミリー向け中古マンションの【仕入れ営業】をお任せします★ 正社員,正社員,380万円～600万円
536,株式会社バンブーフィールド | 8～12日の長期休暇あり／完全週休2日／残業少なめ,【不動産仕入れ営業】圧倒的な仕入れ易さで年収2000万円も実現可 正社員,正社員,400万円～800万円
537,株式会社タツミプランニング | 東証一部上場｜高松建設グループ｜5年連続グッドデザイン賞受賞,インセンティブで高収入も可！【企画提案営業】★年間休日126日 正社員,正社員,420万円～1100万円
538,株式会社サンキホーム | 2019年度リフォーム工事件数735件【大阪府緊急雇用対策に賛同】,お客様の快適な暮らしを支える【リフォームアドバイザー】 正社員,正社員,350万円～600万円
539,トラスティーズ・アドバイザリー株式会社 | 大手上場グループのフィナンシャルアドバイザリー等を手掛ける,【公認会計士】月給45万円以上＋業績賞与等あり｜年休125日 正社員,正社員,
540,株式会社丸松ササキ工業 | ★旭川に根付いて30年 ★毎年受注が増加している堅実な経営,★未経験者が半数以上！ ★月給25万円～【土木作業員】 正社員,正社員,300万円～420万円
541,株式会社丸松ササキ工業 | ★旭川に根付いて30年 ★毎年受注が増加している堅実な経営,★普通免許があれば挑戦OK！ ★月給30万円～【土木技術者】 正社員,正社員,360万円～480万円
542,株式会社レーベンゼストック | 東証一部上場グループ★宅建保有者大歓迎★残業少なめ★土日休み,【営業】★土日休み＼未経験OK！「買い取る」営業にチャレンジ／ 正社員,正社員,350万円～830万円
543,株式会社ナニワ | 創業から63年黒字経営｜高収入も実現｜残業少｜第ニ新卒も歓迎,【新築住宅の施工スタッフ】年齢/学歴/経験不問 正社員,正社員,300万円～500万円
544,株式会社コスモ | SEIKOホールディングス傘下／セイコーソリューションズ100％出資,【ITエンジニア】※松本勤務 ※PM・PL経験を発揮 ※賞与年3回 正社員,正社員,450万円～550万円
545,株式会社ウンノハウス | 平均年収600万円以上／研修・勉強会などスキルUPできる環境豊富,"安定企業で""オンリーワン""の住まいづくり【住宅設計】 正社員",正社員,480万円～800万円
546,株式会社ウンノハウス | ☆完全週休2日制☆【研修・勉強会などスキルUPできる環境豊富】,分業制なので業務に集中できる！【インテリアコーディネーター】 正社員,正社員,480万円～560万円
547,株式会社ウンノハウス | 平均年収600万円以上／研修・勉強会などスキルUPできる環境豊富,"オンリーワン""の住まいづくり【住宅施工管理】 正社員",正社員,480万円～640万円
548,株式会社ウンノハウス | 慣れ親しんだ場所で働きたいetc...Uターン歓迎!引越代サポート,業績賞与年4回！ワークライフバランスを実現☆【反響営業】 正社員,正社員,490万円～800万円
549,パントスジャパン株式会社 | ≪LGグループ≫ ★年間休日120日以上 ★残業月平均20H程度,物流業界経験を活かせる！国際物流の【法人営業】※土日祝休み 正社員,正社員,600万円
550,くにうみＡＩ証券株式会社 | ★くにうみアセットマネジメントグループ,【海外ファンド営業】完全週休2日制（土日祝） 正社員,正社員,
551,株式会社タクマ | 【東証一部上場】環境保全・エネルギープラントのパイオニア企業,東京、北海道、宮城県募集【プラント施工監理（機械／元請）】 正社員,正社員,490万円～700万円
552,株式会社フェイスネットワーク | 【東証一部上場企業】業績拡大中★高収入を目指せる環境★,【安全管理】施工物件は自社デザイナーズマンション★年休125日 正社員,正社員,470万円～700万円
553,株式会社タクマ | 【東証一部上場】環境保全・エネルギープラントのパイオニア企業,社会インフラに貢献【品質管理】 年休128日／離職率3％ 正社員,正社員,490万円～770万円
554,株式会社タクマ | 【東証一部上場】環境保全・エネルギープラントのパイオニア企業,社会インフラに貢献【プラントエンジニア】※兵庫県限定募集 正社員,正社員,490万円～700万円
555,株式会社タクマ | 【東証一部上場】環境保全・エネルギープラントのパイオニア企業,【生産管理スタッフ】年休128日／離職率3％ 正社員,正社員,490万円～700万円
556,株式会社タクマ | 【東証一部上場】環境保全・エネルギープラントのパイオニア企業,【プラント機器エンジニア（詳細設計・手配指示等）】離職率3％ 正社員,正社員,490万円～770万円
557,株式会社タクマ | 【東証一部上場】環境保全・エネルギープラントのパイオニア企業,官公庁/自治体向け【プラントエンジニア】 ※北海道限定募集 正社員,正社員,490万円～770万円
558,株式会社タクマ | 【東証一部上場】環境保全・エネルギープラントのパイオニア企業,兵庫本社【プラント施工監理（機械／元請）】年間休日128日 正社員,正社員,490万円～700万円
559,日研トータルソーシング株式会社 | 【売上931億円】年休最大160日・8/21転職フェア＠品川出展,AI・自動化で注目の【ロボットのサポートエンジニア】＊東京募集 正社員,正社員,
560,株式会社クラシコ | ★面接1回 ★恵比寿駅徒歩2分 ★平均年齢28歳！,未経験でも高収入で稼げる！【不動産営業】★土日休み 正社員,正社員,300万円～1500万円
561,株式会社バーンフュージョン | 未経験入社の先輩が数多く活躍中｜国家資格取得費用もサポート♪,正社員登用制度有！半導体ウェーハの【品質管理】年間休日180日 契約社員,契約社員,340万円～350万円
562,静岡日産自動車株式会社 | ★WEB面談可能★内定付与まで最短2週間 ※10/1入社まで,【メカニック職】NISSAN正規ディーラーで、高い技術が学べる！ 正社員,正社員,300万円～500万円
563,株式会社美雪興業 | 地域密着で、コロナの影響もほとんどなしの安定企業！,プライベート充実＆高収入GET【作業スタッフ】未経験大歓迎！ 正社員,正社員,300万円～600万円
564,株式会社パーフェクション | 稼げる人事制度＆誰でもスキルアップ可能なマニュアル完全完備！,未経験者歓迎！新規事業立ち上げに伴い50名採用！【営業】 正社員,正社員,324万円～720万円
565,株式会社パーフェクション | 【営業なし！残業なし！ノルマなし！】制度&福利厚生も充実！,未経験者歓迎！新規事業立ち上げに伴い50名採用【調査スタッフ】 正社員,正社員,324万円～620万円
566,株式会社ア・ビュー | 〈 対象者全員面接 〉少しでも興味あれば応募してください♪,★新卒・第二新卒の歓迎募集★【介護スタッフ】★東京都限定募集 正社員,正社員,
567,株式会社木村土建 | 【創業91年】企業基盤の安定力抜群！応募者は全員面接します！,★即戦力★ 高収入を目指せる【建築施工管理】※月給40万以上可 正社員,正社員,
568,生和コーポレーション株式会社 | 【大阪府緊急雇用対策に賛同】入社2年目で年収1000万円の社員も,未経験から不動産業界にチャレンジできる【提案営業】※転勤なし 正社員,正社員,
569,株式会社ミヨマル | △□○ 創業50年の安定企業 未経験からパーティション施工プロへ,手に職つけれる【施工スタッフ】高収入&独立も実現可能！ 正社員,正社員,300万円～500万円
570,株式会社総合資格 | 【 建築・不動産に特化した資格学校を運営 】賞与実績4.8ヶ月分,平均年収894万円！【提案営業】※山口／島根勤務 正社員,正社員,500万円～700万円
571,株式会社総合資格 | 【 建築・不動産に特化した資格学校を運営 】賞与実績4.8ヶ月分,平均年収894万円！早期キャリアUPも可能【提案営業】※広島勤務 正社員,正社員,500万円～700万円
572,日本メディカル株式会社 | 医療総合コンサルティング企業として厚い信頼を獲得！,高収入を目指せる★医療機関の運用を支える【営業】既存メイン！ 正社員,正社員,500万円～650万円
